"legacy_rowid","bug_title","milestone","release_type","category","feature","owner_zuid","owner_name","status","verified_date","total_elapsed_seconds","notes","source","is_archived","assigned_user_name","assigned_user_zuid","bug_link","failure_id"
"35915000000063030","TB503_DB_4_MissedRows","503","DB","MissedRows","","50045710988","Vishwa S","FIXED","2026-09-11","381","","WEB_APP","false","","","https://crm.zoho.in/crm/crmlaunchpad/tab/CustomModule2/1034369001656146890",""
"35915000000063035","TB504_RB_1_MissedRows","504","RB","MissedRows","","50045710988","Vishwa S","FIXED","2026-09-11","6","","WEB_APP","false","","","https://crm.zoho.in/crm/crmlaunchpad/tab/CustomModule2/1034369001654309119",""
"35915000000063044","TB504_RB_1 - Competitor Alert - Automated (PREMIUM-RELEASE)_EM102","504","RB","PI_Filed_via_Prediction","Competitor Alert","50045710988","Vishwa S","FIXED","2026-09-14","186","Empty page is showing on opening the competitor alert in zia notifications","WEB_APP","false","","","https://crm.zoho.in/crm/crmlaunchpad/tab/CustomModule2/1034369001654366540","Failure_21d2e32168d694002e0b8de65bff4647ab258ec80104803e918dcb4f01b83fc6"
"35915000000065034","TB503_DB_2_MissedRows","503","DB","MissedRows","","50045710988","Vishwa S","FIXED","2026-09-11","7","","WEB_APP","false","","","https://crm.zoho.in/crm/crmlaunchpad/tab/CustomModule2/1034369001654168096",""
"35915000000066045","TB503_DB_4_MissedRows","503","DB","MissedRows","","50045710988","Vishwa S","FIXED","2026-09-11","7","","WEB_APP","false","","","https://crm.zoho.in/crm/crmlaunchpad/tab/CustomModule2/1034369001656039253",""
"35915000000067020","TB504_RB_1_MissedRows","504","RB","MissedRows","","50045710988","Vishwa S","FIXED","2026-09-11","6","","WEB_APP","false","","","https://crm.zoho.in/crm/crmlaunchpad/tab/CustomModule2/1034369001654332596",""
"35915000000067022","TB503_DB_4_MissedRows","503","DB","MissedRows","","50045710988","Vishwa S","FIXED","2026-09-11","7","","WEB_APP","false","","","https://crm.zoho.in/crm/crmlaunchpad/tab/CustomModule2/1034369001656075065",""
"35915000000072032","TB504_RB - Field Prediction - (PREMIUM-RELEASE) DI-veryhigh_stable (TB504_1 - Field Prediction)","504","RB","PI_FiledBy_RT","Field Prediction","50045710988","Vishwa S","FIXED","2026-09-14","311","Expected JSON response is not showing caused the issue","WEB_APP","false","Sivaprabhu M","1034369000179702175","https://crm.zoho.in/crm/crmlaunchpad/tab/CustomModule2/1034369001654378123","Failure_96074af225d0451d92030182704dba9fe927b2b0dd8015576a57faca28744f4e"
"35915000000078035","TB503_DB_3_MissedRows","503","DB","MissedRows","","50045710988","Vishwa S","FIXED","2026-09-11","5","","WEB_APP","false","","","https://crm.zoho.in/crm/crmlaunchpad/tab/CustomModule2/1034369001655428223",""
"35915000000079016","TB503_DB_2_MissedRows","503","DB","MissedRows","","50045710988","Vishwa S","FIXED","2026-09-11","7","","WEB_APP","false","","","https://crm.zoho.in/crm/crmlaunchpad/tab/CustomModule2/1034369001654106797",""
"35915000000079018","TB503_DB_2_MissedRows","503","DB","MissedRows","","50045710988","Vishwa S","FIXED","2026-09-11","6","","WEB_APP","false","","","https://crm.zoho.in/crm/crmlaunchpad/tab/CustomModule2/1034369001654219034",""
"35915000000080022","TB504_RB_1 - ZIA - Automated Prediction (PREMIUM-RELEASE)","504","RB","NotReproducibleAI","ZIA","50045710988","Vishwa S","FIXED","2026-09-14","816","Now in all the latest report the case got failed due to ZIA_NOTIFICATION_RELOCATION EA key doesn't got enabled. Handled it for those accs and changed the feature name respective to the case","WEB_APP","false","","","https://crm.zoho.in/crm/crmlaunchpad/tab/CustomModule2/1034369001654378602","Exception_efd670f5a96ddb88918cc436688e562ba5f6f47c946513810d6a2763fad0faa1"
"35915000000082019","TB504_RB_3 - Recommendation - Automated (PREMIUM-RELEASE)NEW CASE BREAKAGE","504","RB","LongPendingIssues","Recommendation","50045710988","Vishwa S","FIXED","2026-09-14","47","Empty data is showing for the Action getDataForAutomationRecommendation","WEB_APP","false","","","https://crm.zoho.in/crm/crmlaunchpad/tab/CustomModule2/1034369001655674751","EMPTY_DATA_IN_RECOMMENDATION"
"35915000000085006","TB504_1 - ZIA-acc is in old ui","504","RB","AutomationCodeFix","ZIA","50045710988","Vishwa S","FIXED","2026-09-14","324","The accounts are not marked as internal caused the issue. As it is running in PREMIUM automation marked the accs are internal","WEB_APP","false","","","https://crm.zoho.in/crm/crmlaunchpad/tab/CustomModule2/1034369001654056943","Failure_d4fb63fe8ec9ff1efca05b8ac8c97c1625881f68f15c3ec55fabd58d2ed7120b"
"35915000000085013","TB504_RB_3 - NBX - Automated Prediction (PREMIUM-RELEASE)","504","RB","PI_Filed_via_Prediction","NBX","50045711750","Harish SS","FIXED","2026-09-17","77","Unable to fetch insights","WEB_APP","false","","","https://crm.zoho.in/crm/crmlaunchpad/tab/CustomModule2/1034369001555482806","NBX_WIDGET_NOT_SHOWING"
"35915000000085016","TB504_3 - ICR Canvas Support","504","RB","NotReproduciblePI","ICR Canvas Support","50045711750","Harish SS","FIXED","2026-09-17","279","https://aalam-legacy.csez.zohocorpin.com/Qap/#/reportsnew/Sep_16_2026_TB505_RB_1__AMS_2N_AUTORESTART_impact_Followup_Premium_1_0_19_925_Premium_rst_0_48_6?searchType=breakageRepeated&owner=&caseId=TestCaseId_test_verifyUnselectLookupValueAndSaveInIcrModal_76673_0&caseName=&methodId=76673&methodDetails=&failures=&failurerows=All&belongsTo=final&changeSets=

Case passed this step","WEB_APP","false","","","https://crm.zoho.in/crm/crmlaunchpad/tab/CustomModule2/1034369001658749735","Exception_399ec0d6e8f4c3787a3c7eac97562a97a2b6df658153c2a2dd1ef359da57755b"
"35915000000085019","TB504_2 - VOC","504","RB","PI_Filed_via_Prediction","VOC","50045711750","Harish SS","FIXED","2026-09-18","89","Survey is not listing","WEB_APP","false","","","https://crm.zoho.in/crm/crmlaunchpad/tab/CustomModule2/1034369001641180120","Failure_bcc6436c8520d009ea06b9d03a62e313396c099df2f2890e35c4bc8c338d1d78"
"35915000000086001","TB504_RB_1 - Competitor Alert - Automated (PREMIUM-RELEASE)_EM102_EM102","504","RB","PI_Filed_via_Prediction","Competitor Alert","50045710988","Vishwa S","FIXED","2026-09-14","240","Competitor alert widget is not showing in DV","WEB_APP","false","","","https://crm.zoho.in/crm/crmlaunchpad/tab/CustomModule2/1034369001654366535","Competitor mention widget in detail view"
"35915000000086004","TB504_RB_3 - Zia Pitch - Automated (PREMIUM-RELEASE)","504","RB","PI_Filed_via_Prediction","Zia Pitch","50045710988","Vishwa S","FIXED","2026-09-15","376","Gap Analyser chart is not showing in Zia pitch","WEB_APP","false","","","https://crm.zoho.in/crm/crmlaunchpad/tab/CustomModule2/1034369001656901806","Failure_b5d8d2b6a5c35fd09120ed59e7d30e6f48b24542c6aafeea0868c8e090a62ff6"
"35915000000086009","TB504_RB_2 - Ask zia Validation rule - Automated Prediction (PREMIUM-RELEASE)","504","RB","AutomationCodeFix","Ask zia Validation rule","50045711750","Harish SS","FIXED","2026-09-16","26","https://repository.zohocorpcloud.in/zohocorp/crmqa/zohotestautomation_crmqa#/commits/ZOHOTESTAUTOMATION_CRM_TB_DEFAULT_BRANCH/zohotestautomation_crmqa?changeset=3dbb99ce93f7d9920c18ae48af4ed49810f967a2&commitView=file_changes

Already fixed","WEB_APP","false","","","https://crm.zoho.in/crm/crmlaunchpad/tab/CustomModule2/1034369001657823000","Exception_5b2ced7f542f7d19469119b6f8ebe209ec0cbae5047d16627cba9005ab9d752b"
"35915000000087003","TB504_RB_3 - NBX - Automated (PREMIUM-RELEASE)NEW CASE BREAKAGE","504","RB","PI_Filed_via_Prediction","NBX","50045711750","Harish SS","FIXED","2026-09-15","89","","WEB_APP","false","","","https://crm.zoho.in/crm/crmlaunchpad/tab/CustomModule2/1034369001653797292","Exception_3b642b8f30173123422cca364217f5b6a5b87ce23e662205d1a422819fd65e46"
"35915000000087005","TB504_RB_2 - Ask zia Validation rule - Automated Prediction (PREMIUM-RELEASE)","504","RB","NotReproduciblePI","Ask zia Validation rule","50045711750","Harish SS","FIXED","2026-09-16","50","Case passed this step in recent automation","WEB_APP","false","","","https://crm.zoho.in/crm/crmlaunchpad/tab/CustomModule2/1034369001657840571","Exception_06f02f83b692bbe0d3375d45c8b896478d6695ca016e883ff438a0bc4e998338"
"35915000000087007","TB504_RB_3 - Ingesting third-party data as data souce via Data Prep for VoC - Automated (PREMIUM-RELEASE)NEW CASE BREAKAGE","504","RB","PI_Filed_via_Prediction","Ingesting third-party data as data souce via Data Prep for VoC","50045711750","Harish SS","FIXED","2026-09-16","326","After configured the zendesk TP, The zenndesk widget is not shown in VoC page","WEB_APP","false","","","https://crm.zoho.in/crm/crmlaunchpad/tab/CustomModule2/1034369001657869413","Exception_ca4d841a177365112148e99a69717b1e707ca9d0af39fff3cc6f365810d92290"
"35915000000087009","TB503_DB_3 - VOC- CRM keyword is missing in the negative sentence","504","DB","PI_Filed_via_Prediction","VOC","50045711750","Harish SS","FIXED","2026-09-16","14","Frequently Occurring Keywords by Sentiment data not populated","WEB_APP","false","","","https://crm.zoho.in/crm/crmlaunchpad/tab/CustomModule2/1034369001655029234","Failure_7cbed2b2c3b3e8a540c8e9657a6c72b5f5ed9976e08487c537a12448c8615489"
"35915000000087011","TB503_DB_6 - Ask zia Validation rule - Automated Prediction (PREMIUM-DAILY)","503","DB","AutomationCodeFix","Ask zia Validation rule","50045711750","Harish SS","FIXED","2026-09-17","346","Available fields check handling","WEB_APP","false","","","https://crm.zoho.in/crm/crmlaunchpad/tab/CustomModule2/1034369001645506424","Failure_fd9be3fc030d16fb4952c693172a403efd47bbc6360b372e89c6d70fe0e26e20"
"35915000000087013","TB503_DB_6 - VOC - Automated Prediction (PREMIUM-DAILY)","503","DB","PI_Filed_via_Prediction","VOC","50045711750","Harish SS","FIXED","2026-09-17","90","CRM keyword is missing in the negative sentence","WEB_APP","false","","","https://crm.zoho.in/crm/crmlaunchpad/tab/CustomModule2/1034369001643755132","VOC Data population mismatch"
"35915000000088001","TB504_RB_1 - Best Time Analytics - Automated Prediction (RELEASE)","504","RB","PI_Filed_via_Prediction","Best Time Analytics","50045710988","Vishwa S","FIXED","2026-09-14","276","Best time count is not showing as expected","WEB_APP","false","","","https://crm.zoho.in/crm/crmlaunchpad/tab/CustomModule2/1034369001654309716","Failure_87d25317059e7a3f58b894eb151956d2b5fefe56adf401df4cad29dea7975c3a"
"35915000000088003","TB503_DB_2 - NBX - Automated Prediction (PREMIUM-DAILY)","503","DB","PI_Filed_via_Prediction","NBX","50045710988","Vishwa S","FIXED","2026-09-14","132","NBX Overview tab is loading for long time","WEB_APP","false","","","https://crm.zoho.in/crm/crmlaunchpad/tab/CustomModule2/1034369001653828173","Exception_949ff5e3f6155f76dad480801cfb086bc6742255913d1307dc265c9cd8a94257"
"35915000000088007","TB504_1_TB504_2 - IntelligentCharacterRecognition","504","RB","NotReproducibleAI","IntelligentCharacterRecognition","50045711750","Harish SS","FIXED","2026-09-17","107","Have handle the yes proceed button","WEB_APP","false","","","https://crm.zoho.in/crm/crmlaunchpad/tab/CustomModule2/1034369001428482291","Failure_59b4f7ec1f259c3da94f40618e9b9baa1e9dc43a74cefc13257da551109adb30"
"35915000000088011","TB504_RB - VoC in Professional edition - (RELEASE) DI-high_stable (TB504_3 - VoC in Professional edition)","504","RB","AutomationCodeFix","VoC in Professional edition","50045711750","Harish SS","FIXED","2026-09-17","82","Redirect to home page","WEB_APP","false","","","https://crm.zoho.in/crm/crmlaunchpad/tab/CustomModule2/1034369001658425134","Exception_683fd1d1e20983823502edd296d1c2b854ab6e2938a4e12416d15f34a20fa475"
"35915000000089004","TB503_DB - Native Agents in CRM - (PREMIUM-DAILY) DI-veryhigh_stable (Prediction)","503","DB","AutomationCodeFix","Native Agents in CRM","50045710988","Vishwa S","FIXED","2026-09-14","1590","Handled for authorization","WEB_APP","false","","","https://crm.zoho.in/crm/crmlaunchpad/tab/CustomModule2/1034369001645493366","Smart prompt returns failure response"
"35915000000089006","TB504_RB_2_MissedRows","504","RB","NotReproducibleAI","","50045711750","Harish SS","FIXED","2026-09-15","34","","WEB_APP","false","","","https://crm.zoho.in/crm/crmlaunchpad/tab/CustomModule2/1034369001656755504",""
"35915000000089011","TB502_RB_2 - VOC - Automated (PREMIUM-RELEASE)NEW CASE BREAKAGE","502","RB","NotReproducibleAI","VOC","50045711750","Harish SS","FIXED","2026-09-16","32","Will mock this case","WEB_APP","false","","","https://crm.zoho.in/crm/crmlaunchpad/tab/CustomModule2/1034369001601508175","SI Health Check API - SYNC_NOT_COMPLETED"
"35915000000089017","TB504_RB_3_VoC Response DrillDown_ZeroRows : More than 36 Minutes taken","504","RB","NotReproducibleAI","VoC Response DrillDown","50045711750","Harish SS","FIXED","2026-09-17","40","Will check and reduce time","WEB_APP","false","","","https://crm.zoho.in/crm/crmlaunchpad/tab/CustomModule2/1034369001658790416",""
"35915000000089021","TB504_2 - VOC","504","RB","AutomationCodeFix","VOC","50045711750","Harish SS","FIXED","2026-09-18","899","Loc for remove icon","WEB_APP","false","","","https://crm.zoho.in/crm/crmlaunchpad/tab/CustomModule2/1034369000858216288","Failure_e488c7f021f45a11f6083d036272ee5473c22e37532ef9d1d3a57b9fe57b433d"
"35915000000090001","TB504_RB_1 - ZIA - Automated Prediction (RELEASE)","504","RB","PI_Filed_via_Prediction","ZIA","50045710988","Vishwa S","FIXED","2026-09-14","381","Call transcription action failed and also changed the feature Name for those cases","WEB_APP","false","","","https://crm.zoho.in/crm/crmlaunchpad/tab/CustomModule2/1034369001654247977","CALL_TRANSCRIPTION_NOT_POPULATED"
"35915000000090003","TB504_RB_2 - Ask zia Validation rule - Automated Prediction (PREMIUM-RELEASE)","504","RB","NotReproduciblePI","Ask zia Validation rule","50045711750","Harish SS","FIXED","2026-09-16","31","Acc specific","WEB_APP","false","","","https://crm.zoho.in/crm/crmlaunchpad/tab/CustomModule2/1034369001657899394","The primary condition cannot contain multiple fields (Billing City, Billing Country, Billing Street). A validation rule must have exactly one field in the primary condition. Please specify which single field is the main criteria (e.g., 'Billing City is em"
"35915000000090006","TB504_RB_3 - VoC in Professional edition - Automated (RELEASE)NEW CASE BREAKAGE","504","RB","PI_Filed_via_Prediction","VoC in Professional edition","50045711750","Harish SS","FIXED","2026-09-16","1454","Forecast in progress","WEB_APP","false","","","https://crm.zoho.in/crm/crmlaunchpad/tab/CustomModule2/1034369001656199319","Failure_50a63e6c29116118bd0dd633201926680e45a5b1c76318c3ad2061ed225a6400"
"35915000000090008","TB504_RB_2 - Kiosk using ask zia - Automated (PREMIUM-RELEASE)NEW CASE BREAKAGE","504","RB","NotReproducibleAI","Kiosk using ask zia","50045711750","Harish SS","FIXED","2026-09-16","68","Working on it (Will cherry pick the changes)","WEB_APP","false","","","https://crm.zoho.in/crm/crmlaunchpad/tab/CustomModule2/1034369001657869439","Failure_d362858760b80e3f129b40b5e738ccfe2f1c758472a5ae29a5ef6cf52225e5de"
"35915000000090010","TB504_RB_2 - VOC - Automated Prediction (PREMIUM-RELEASE)","504","RB","AutomationCodeFix","VOC","50045711750","Harish SS","FIXED","2026-09-16","405","No data check added","WEB_APP","false","","","https://crm.zoho.in/crm/crmlaunchpad/tab/CustomModule2/1034369001601513385","Exception_5a5bc09d2a6234f14d36e36ef7f2d4dc0716b3dc7c4907e3c7e7575f71c32e19"
"35915000000091005","TB504_RB_2 - ICR Canvas Support - Automated (PREMIUM-RELEASE)NEW CASE BREAKAGE","504","RB","NotReproducibleAI","ICR Canvas Support","50045711750","Harish SS","FIXED","2026-09-16","34","File uploaded now","WEB_APP","false","","","https://crm.zoho.in/crm/crmlaunchpad/tab/CustomModule2/1034369001657869423","Exception_3d0da0ec872732016aecc3a177caa1546d6f8fdedcf91f2b07bac72b8715bfc8"
"35915000000091008","TB502_RB_3 - VOC - Automated (PREMIUM-RELEASE)NEW CASE BREAKAGE","502","RB","NotReproducibleAI","VOC","50045711750","Harish SS","FIXED","2026-09-16","19","Will mock this case","WEB_APP","false","","","https://crm.zoho.in/crm/crmlaunchpad/tab/CustomModule2/1034369001615790951","SI Health Check API - CONFIG_ERROR"
"35915000000091010","TB503_DB_6 - Ask zia Validation rule - Automated Prediction (PREMIUM-DAILY)","503","DB","PI_Filed_via_Prediction","Ask zia Validation rule","50045711750","Harish SS","FIXED","2026-09-17","45","Unable to create VR with specific layout","WEB_APP","false","","","https://crm.zoho.in/crm/crmlaunchpad/tab/CustomModule2/1034369001659022177","Hello! I can help you classify your request. However, I cannot assist with creating validation rules or discussing layout details. Please note that I can only classify requests based on criteria or functions. Your request involves layout and rule creation"
"35915000000091013","TB503_DB_6 - FunnelComponentDrillDown - Automated (DAILY)NEW CASE BREAKAGE","503","DB","NotReproduciblePI","FunnelComponentDrillDown","50045711750","Harish SS","FIXED","2026-09-17","39","https://aalam-legacy.csez.zohocorpin.com/Qap/#/reportsnew/Sep_17_2026_TB504_DB_3__AMS_2N_AUTORESTART_1_impact_Full_rst_10_5_38?searchType=newcasebreakage&owner=&caseId=TestCaseId_test_MA_VerifyDateLabelInZiaPresentationForFunnelComponent_79085_0&caseName=&methodId=79085&methodDetails=&failures=&failurerows=All&belongsTo=final&changeSets=","WEB_APP","false","","","https://crm.zoho.in/crm/crmlaunchpad/tab/CustomModule2/1034369001658923524","Exception_7ac9a35463e734a9e84f9758d395c3cb76bcb50f9bc32de9917d972ae9a4228a"
"35915000000092001","TB504_RB_1 - Smart prompt - Automated Prediction (PREMIUM-RELEASE)","504","RB","ChangedToAnotherAD","Smart prompt","50045710988","Vishwa S","FIXED","2026-09-14","544","As dev mentioned this bug is due to another feautre changed it to his name","WEB_APP","false","Harish S S","1034369000733422475","https://crm.zoho.in/crm/crmlaunchpad/tab/CustomModule2/1034369001654221191","Exception_916ea4b385499363eec50c08acdd26907d4e7830913926919b546345732bd36a"
"35915000000092004","TB504_RB_3_MissedRows","504","RB","NotReproducibleAI","","50045711750","Harish SS","FIXED","2026-09-17","22","Will check and add acc","WEB_APP","false","","","https://crm.zoho.in/crm/crmlaunchpad/tab/CustomModule2/1034369001658446095",""
"35915000000092007","TB504_RB_3 - ICR Import flow - Automated (PREMIUM-RELEASE)NEW CASE BREAKAGE","504","RB","AlreadyFixed_AI","ICR Import flow","50045711750","Harish SS","FIXED","2026-09-17","260","https://repository.zohocorpcloud.in/zohocorp/crmqa/zohotestautomation_crmqa#/commits/ZOHOTESTAUTOMATION_CRM_TB_DEFAULT_BRANCH/zohotestautomation_crmqa?changeset=2f8b88dfc9e3e2cf142997268e70742160086af8&commitView=file_changes","WEB_APP","false","","","https://crm.zoho.in/crm/crmlaunchpad/tab/CustomModule2/1034369001658725981","Exception_b60fddd785e38acf40aef94f1899df41cf56fb742f546ce75a289a4c45397a8f"
"35915000000092009","TB504_RB_2_VOC_ZeroRows : More than 40 Minutes taken","504","RB","NotReproducibleAI","VOC","50045711750","Harish SS","FIXED","2026-09-17","28","Will check and reduce time","WEB_APP","false","","","https://crm.zoho.in/crm/crmlaunchpad/tab/CustomModule2/1034369001657869337",""
"35915000000093002","TB504_1 - Competitor Alert_EM102","504","RB","PI_FiledBy_RT","Competitor Alert","50045710988","Vishwa S","FIXED","2026-09-14","413","Deleted mail is showing in the competitor mention widget","WEB_APP","false","Sivaprabhu M","1034369000179702175","https://crm.zoho.in/crm/crmlaunchpad/tab/CustomModule2/1034369001654106425","Deleted email showing in competitor mention widget"
"35915000000093004","TB504_1 - Agent","504","RB","PI_FiledBy_RT","Agent","50045710988","Vishwa S","FIXED","2026-09-14","191","Here the description is not showing fine so that release team might have assigned bug. This product bug is already filed and being checking by developer","WEB_APP","false","Sivaprabhu M","1034369000179702175","https://crm.zoho.in/crm/crmlaunchpad/tab/CustomModule2/1034369001653860169","Exception_165c55939801204f38cfd4ca59dc035d67fd7b5a754594c8d64c3847e2752d76"
"35915000000093006","TB504_RB_3 - VoC in Professional edition - Automated (RELEASE)NEW CASE BREAKAGE","504","RB","NotReproduciblePI","VoC in Professional edition","50045711750","Harish SS","FIXED","2026-09-16","62","https://aalam-legacy.csez.zohocorpin.com/Qap/#/reportsnew/Sep_16_2026_TB505_RB_1__AMS_2N_AUTORESTART_impact_Followup_PROFESSIONALEDITION_1_0_22_170_Single?searchType=passed&owner=&caseId=TestCaseId_test_verifyVocKeywordsForEmailSentimentInProfessionalEdition_76968_0&caseName=&methodId=76968&methodDetails=&failures=&failurerows=All&belongsTo=final&changeSets=

Pased in recent automation","WEB_APP","false","","","https://crm.zoho.in/crm/crmlaunchpad/tab/CustomModule2/1034369001657816099","Failure_887496cda65d591a0e34dd9fa56508f41544f9e93a11d4db4e579c458d1f6557"
"35915000000093008","TB503_DB_6 - Agent in DV - Automated (PREMIUM-DAILY)NEW CASE BREAKAGE","503","DB","PI_Filed_via_Prediction","Agent in DV","50045711750","Harish SS","FIXED","2026-09-16","53","Agent in DV-Tool not found showing","WEB_APP","false","","","https://crm.zoho.in/crm/crmlaunchpad/tab/CustomModule2/1034369001654203260","Exception_165c55939801204f38cfd4ca59dc035d67fd7b5a754594c8d64c3847e2752d76"
"35915000000093010","TB504_RB_3 - VoC in Professional edition - Automated (RELEASE)NEW CASE BREAKAGE","504","RB","PI_Filed_via_Prediction","VoC in Professional edition","50045711750","Harish SS","FIXED","2026-09-16","59","Forecast creation is in progress","WEB_APP","false","","","https://crm.zoho.in/crm/crmlaunchpad/tab/CustomModule2/1034369001656199319","Failure_50a63e6c29116118bd0dd633201926680e45a5b1c76318c3ad2061ed225a6400"
"35915000000093013","TB504_RB_3 - Icrs - Automated Prediction (PREMIUM-RELEASE)","504","RB","AutomationCodeFix","Icrs","50045711750","Harish SS","FIXED","2026-09-17","51","Alert message change","WEB_APP","false","","","https://crm.zoho.in/crm/crmlaunchpad/tab/CustomModule2/1034369001657626602","Failure_2e7b3aad6fad7f7da5d3f56dbd42885bd0aed8fad316f5de72fb94b7623b24f9"
"35915000000093015","TB504_RB_3 - QuickMLInteg - Automated Prediction (PREMIUM-RELEASE)","504","RB","Account Specific Issue","QuickMLInteg","50045711750","Harish SS","FIXED","2026-09-17","15","Created quickml config not present","WEB_APP","false","","","https://crm.zoho.in/crm/crmlaunchpad/tab/CustomModule2/1034369001475126667","Failure_2806fb9c27a035d05ec562b18825500af4b8b07c9384e8a1eb24a8cd447e5755"
"35915000000095004","TB502_DB_1 - Case Escalation - Automated Prediction (PREMIUM-DAILY)","502","DB","AutomationCodeFix","Case Escalation","50045710988","Vishwa S","FIXED","2026-09-14","845","Handled with another correct locator","WEB_APP","false","","","https://crm.zoho.in/crm/crmlaunchpad/tab/CustomModule2/1034369001644740779","Exception_3bd6e96399fcbfe46fa922a74780a035cc1d34d2eff6da2adba1d5b3fe66862c"
"35915000000095015","TB504_2 - VoC Response DrillDown","504","RB","AutomationCodeFix","VoC Response DrillDown","50045711750","Harish SS","FIXED","2026-09-16","42","Fixed the column name change","WEB_APP","false","","","https://crm.zoho.in/crm/crmlaunchpad/tab/CustomModule2/1034369001395797955","Exception_8435dd1409edf67f59b0a7922ec969215055fe9fbb0097af4c3dd9b63d7a012b"
"35915000000095019","TB503_DB_6_VoC in Professional edition_ZeroRows : More than 35 Minutes taken","503","DB","ZeroRows","VoC in Professional edition","50045711750","Harish SS","FIXED","2026-09-17","22","Will check and reduce time","WEB_APP","false","","","https://crm.zoho.in/crm/crmlaunchpad/tab/CustomModule2/1034369001658986017",""
"35915000000095021","TB503_DB_6_MissedRows","503","DB","MissedRows","","50045711750","Harish SS","FIXED","2026-09-17","21","Will check and add acc","WEB_APP","false","","","https://crm.zoho.in/crm/crmlaunchpad/tab/CustomModule2/1034369001658893705",""
"35915000000095023","TB503_DB_6 - Zia Presentation - Automated Prediction (DAILY)","503","DB","PI_Filed_via_Prediction","Zia Presentation","50045711750","Harish SS","FIXED","2026-09-17","31","Zia presentation notification did not appear within timeout","WEB_APP","false","","","https://crm.zoho.in/crm/crmlaunchpad/tab/CustomModule2/1034369001531704679","Failure_c693262d2bc456f8511e174b2bc6267aa44e630df49b16352069de546d8e93d0"
"35915000000096001","TB503_DB_4 - Agent","503","DB","AutomationCodeFix","Agent","50045711750","Harish SS","FIXED","2026-09-14","263","","WEB_APP","false","","","https://crm.zoho.in/crm/crmlaunchpad/tab/CustomModule2/1034369001655917206","Exception_bcf3d90d3ad2b6547a74f231001bd5ee0485622dc43d096d400654c796aa6040"
"35915000000096004","TB504_RB_2 - Ask zia Validation rule - Automated Prediction (PREMIUM-RELEASE)","504","RB","AutomationCodeFix","Ask zia Validation rule","50045711750","Harish SS","FIXED","2026-09-16","425","Response check handling(Keyword)","WEB_APP","false","","","https://crm.zoho.in/crm/crmlaunchpad/tab/CustomModule2/1034369001539516720","Failure_215e6754999f85c3c5355205e806a8b8b56ccd12abda1549552140192db33180"
"35915000000096006","TB502_HF_4 - VOC","502","HF","NotReproduciblePI","VOC","50045711750","Harish SS","FIXED","2026-09-16","114","Not reproducible","WEB_APP","false","","","https://crm.zoho.in/crm/crmlaunchpad/tab/CustomModule2/1034369001653255497","Failure_7cbed2b2c3b3e8a540c8e9657a6c72b5f5ed9976e08487c537a12448c8615489"
"35915000000096011","TB504_RB_2 - IntelligentCharacterRecognition - Automated (PREMIUM-RELEASE)NEW CASE BREAKAGE","504","RB","AlreadyFixed_AI","IntelligentCharacterRecognition","50045711750","Harish SS","FIXED","2026-09-18","292","Extract button removed and yes proceed button added","WEB_APP","false","","","https://crm.zoho.in/crm/crmlaunchpad/tab/CustomModule2/1034369001657869426","Exception_b90bb37f1fbe7cd364b3e00d1164a6b8c2014ab9a9e9b12735deba5d54546510"
"35915000000096014","TB506 - VOC- CRM keyword is missing in the negative sentence","504","RB","PI_Filed_via_Prediction","VOC","50045711750","Harish SS","FIXED","2026-09-18","37","CRM keyword is missing in the negative sentence","WEB_APP","false","","","https://crm.zoho.in/crm/crmlaunchpad/tab/CustomModule2/1034369001657657793","Failure_1034a0f71e71525f118704ecdd8da0c9d68315822e80c2d8c01b801999b10896"
"35915000000096016","TB504_RB - VOC - (PREMIUM-RELEASE) DI-veryhigh_stable (TB504_2 - VOC)","504","RB","AutomationCodeFix","VOC","50045711750","Harish SS","FIXED","2026-09-18","1156","Component ID missing","WEB_APP","false","","","https://crm.zoho.in/crm/crmlaunchpad/tab/CustomModule2/1034369001657822027","VOC component data API failure"
"35915000000097002","TB504_2 - VoC Response DrillDown","504","RB","AutomationCodeFix","VoC Response DrillDown","50045711750","Harish SS","FIXED","2026-09-16","388","Column name change in voc drilldown","WEB_APP","false","","","https://crm.zoho.in/crm/crmlaunchpad/tab/CustomModule2/1034369001657689575","Exception_8435dd1409edf67f59b0a7922ec969215055fe9fbb0097af4c3dd9b63d7a012b"
"35915000000097004","TB504_RB_3 - NBX - Automated (PREMIUM-RELEASE)NEW CASE BREAKAGE","504","RB","AutomationCodeFix","NBX","50045711750","Harish SS","FIXED","2026-09-17","214","Accounts module rec creation change","WEB_APP","false","","","https://crm.zoho.in/crm/crmlaunchpad/tab/CustomModule2/1034369001658590306","Exception_2dd64d9fc93858f11eec5c79ed7d48888aeafec08c185d0f2b08b93211001106"
"35915000000097006","TB504_RB_3 - Ask zia Validation rule - Automated Prediction (PREMIUM-RELEASE)","504","RB","AutomationCodeFix","Ask zia Validation rule","50045711750","Harish SS","FIXED","2026-09-17","250","Response handling","WEB_APP","false","","","https://crm.zoho.in/crm/crmlaunchpad/tab/CustomModule2/1034369001658797394","The term 'random' is ambiguous for the CFUser field. Did you mean to check if the field is empty, not equal to the current user, or equal to a specific user name? Please clarify the intended condition."
"35915000000097010","TB504_RB_2 - VOC - Automated (PREMIUM-RELEASE)_EM102","504","RB","PI_Filed_via_Prediction","VOC","50045711750","Harish SS","FIXED","2026-09-18","51","Expected mail sync count is not present","WEB_APP","false","","","https://crm.zoho.in/crm/crmlaunchpad/tab/CustomModule2/1034369001396810488","Failure_b062515a40bf8ad474be25060a5ffedcb79bd04a097a02c7f97fa277aac07a20"
"35915000000099007","TB503_DB_5_MissedRows","503","DB","NotReproducibleAI","","50045711750","Harish SS","FIXED","2026-09-15","42","","WEB_APP","false","","","https://crm.zoho.in/crm/crmlaunchpad/tab/CustomModule2/1034369001657074776",""
"35915000000099015","TB504_RB_2 - CanvasHomePage - Automated (PREMIUM-RELEASE)NEW CASE BREAKAGE","504","RB","ChangedToAnotherAD","CanvasHomePage","50045711750","Harish SS","FIXED","2026-09-16","171","NextgenUI disabled","WEB_APP","false","Chella","1034369000065846511","https://crm.zoho.in/crm/crmlaunchpad/tab/CustomModule2/1034369001657869417","Exception_c696b27fd31c5b71290aa901eb3ff9dd42ce5ac0fb467398da65b1e9aecc7d4d"
"35915000000099017","TB504_RB_2 - ICR Subform support - Automated Prediction (PREMIUM-RELEASE)","504","RB","PI_Filed_via_Prediction","ICR Subform support","50045711750","Harish SS","FIXED","2026-09-16","48","After saving the record subform data is not preset","WEB_APP","false","","","https://crm.zoho.in/crm/crmlaunchpad/tab/CustomModule2/1034369001530708998","Exception_47e5065b9801cbe7438bd19b9bcaaf8a506205bfeb57a665d8496f49f7dff375"
"35915000000100002","TB503_HF_1 - Competitor Alert - Automated Prediction (PREMIUM-RELEASE)_EM102","503","HF","PI_Filed_via_Prediction","Competitor Alert","50045710988","Vishwa S","FIXED","2026-09-14","206","Empty page is showing for Competitor alert zia notification","WEB_APP","false","","","https://crm.zoho.in/crm/crmlaunchpad/tab/CustomModule2/1034369001645500465","Failure_21d2e32168d694002e0b8de65bff4647ab258ec80104803e918dcb4f01b83fc6"
"35915000000100005","TB504_RB_2 - VOC - Automated (PREMIUM-RELEASE)","504","RB","NotReproduciblePI","VOC","50045711750","Harish SS","FIXED","2026-09-16","47","WMS popup is worked fine in recent automation https://aalam-legacy.csez.zohocorpin.com/Qap/#/reportsnew/Sep_11_2026_TB504_RB_3__AMS_2N_AUTORESTART_1_impact_Followup_Premium_7_27_11_621_Premium_rst_20_38_1?searchType=breakageRepeated&owner=&caseId=TestCaseId_test_notesAPIForVocDashboard_52946_0&caseName=&methodId=52946&methodDetails=&failures=&failurerows=All&belongsTo=final&changeSets=","WEB_APP","false","","","https://crm.zoho.in/crm/crmlaunchpad/tab/CustomModule2/1034369001554099982","Failure_b3de742522249e40eedf4baeb07c4a20a9d34ec861a1a508aa46ce8eb5b20735"
"35915000000100011","TB504_RB_3 - QuickMLInteg - Automated Prediction (PREMIUM-RELEASE)","504","RB","PI_Filed_via_Prediction","QuickMLInteg","50045711750","Harish SS","FIXED","2026-09-17","103","Fetch insights button is present instead of refresh button","WEB_APP","false","","","https://crm.zoho.in/crm/crmlaunchpad/tab/CustomModule2/1034369001561589776","Exception_5e2584cf51af740dbecb8d6912e5efdc34936ce98fe0b9a131015118223d0d09"
"35915000000100013","TB503_DB_6 - Ask zia Validation rule - Automated Prediction (PREMIUM-DAILY)","503","DB","NotReproduciblePI","Ask zia Validation rule","50045711750","Harish SS","FIXED","2026-09-17","50","Reposne - Acc specific","WEB_APP","false","","","https://crm.zoho.in/crm/crmlaunchpad/tab/CustomModule2/1034369001658952551","The primary condition cannot contain multiple fields (Billing City, Billing Country, Billing Street). A validation rule's primary condition must check only ONE field. Please specify which single field is the main criteria (e.g., 'Billing City is empty') a"
"35915000000100015","TB503_DB_6 - VoC Event revamp - Automated (PREMIUM-DAILY)NEW CASE BREAKAGE","503","DB","ChangedToAnotherAD","VoC Event revamp","50045711750","Harish SS","FIXED","2026-09-17","61","Exception in getAllCalendarBookingIdsUsingApi for module Events","WEB_APP","false","Manoj C","1034369000001128913","https://crm.zoho.in/crm/crmlaunchpad/tab/CustomModule2/1034369001617172190","Exception_d114ce8805c00edc8598d7c21eca7b720632c6c8be3efe7c78e364511e50aca5"
"35915000000100018","TB504_RB_1 - Smart prompt - Automated Prediction (PREMIUM-RELEASE)","504","RB","PI_Filed_via_Prediction","Smart prompt","50045711750","Harish SS","FIXED","2026-09-17","428","https://crm.zoho.in/crm/crmlaunchpad/tab/CustomModule2/1034369001645060361/canvas/1034369000575839525

Mapped this","WEB_APP","false","","","https://crm.zoho.in/crm/crmlaunchpad/tab/CustomModule2/1034369001654221191","Exception_916ea4b385499363eec50c08acdd26907d4e7830913926919b546345732bd36a"
"35915000000101002","TB504_1 - VOC-config setting open as popup","504","RB","AutomationCodeFix","VOC","50045711750","Harish SS","FIXED","2026-09-14","7797","VoC third party miscommunicated changes done and test automation passed.
Faced code check issue informed to rakesh na and resolved","WEB_APP","false","","","https://crm.zoho.in/crm/crmlaunchpad/tab/CustomModule2/1034369001653812906","Exception_944be6dccce8a530694ff760aad7fb185c19ac9c95a0c4b28d6a73e897056f7b"
"35915000000101008","TB504_RB_3 - ICR Subform support - Automated Prediction (PREMIUM-RELEASE)","504","RB","ChangedToAnotherAD","ICR Subform support","50045711750","Harish SS","FIXED","2026-09-17","99","ICR Import flow related changes","WEB_APP","false","Vishwa S","1034369000179584801","https://crm.zoho.in/crm/crmlaunchpad/tab/CustomModule2/1034369001657536781","Failure_92a0251ebff3403c6da4965918058868d19a8031237bc2003c5d1c644fd5e28b"
"35915000000101010","TB504_RB - VOC - (PREMIUM-RELEASE) DI-veryhigh_stable (Prediction)","504","RB","PI_Filed_via_Prediction","VOC","50045711750","Harish SS","FIXED","2026-09-18","714","Contact record mail is not available in exclude email id","WEB_APP","false","","","https://crm.zoho.in/crm/crmlaunchpad/tab/CustomModule2/1034369001657925080","Exception_8d561ed69485e5a7426f11127957ab8e100ef54ec953a0acb0b304a238d73ab7"
"35915000000102007","TB504_RB_3 - Agent in Detail view - Automated Prediction (PREMIUM-RELEASE)","504","RB","AutomationCodeFix","Agent in Detail view","50045711750","Harish SS","FIXED","2026-09-17","970","Rename RL","WEB_APP","false","","","https://crm.zoho.in/crm/crmlaunchpad/tab/CustomModule2/1034369001615757826","Exception_fda878d5db0f9862ee3ca7fa4f68850cfbef96996cec6b7ade74073c676372e2"
"35915000000102009","TB504_RB_3_VoC Response DrillDown_ZeroRows : More than 35 Minutes taken","504","RB","NotReproducibleAI","VoC Response DrillDown","50045711750","Harish SS","FIXED","2026-09-17","29","Will check and reduce time","WEB_APP","false","","","https://crm.zoho.in/crm/crmlaunchpad/tab/CustomModule2/1034369001658790398",""
"35915000000102011","TB504_RB_2 - VOC - Automated Prediction (PREMIUM-RELEASE)","504","RB","PI_Filed_via_Prediction","VOC","50045711750","Harish SS","FIXED","2026-09-18","384","VOC Highlights timeline data not populated","WEB_APP","false","","","https://crm.zoho.in/crm/crmlaunchpad/tab/CustomModule2/1034369000468616881","Failure_a626fd4b009dd3c72055101f3825c14ef449d75cbc09223ea45b215240548f69"
"35915000000102013","TB504_RB - VOC - (PREMIUM-RELEASE) DI-veryhigh_stable (Prediction)_EM102_EM102_EM102","504","RB","PI_Filed_via_Prediction","VOC","50045711750","Harish SS","FIXED","2026-09-18","132","Expected sync mail count is not present","WEB_APP","false","","","https://crm.zoho.in/crm/crmlaunchpad/tab/CustomModule2/1034369001657936068","VOC Email Resync"
"35915000000104001","TB504_RB_1 - Workflow - Automated Prediction (PREMIUM-RELEASE)","504","RB","AutomationCodeFix","Workflow","50045710988","Vishwa S","FIXED","2026-09-14","706","Handled for minimizing zia notification","WEB_APP","false","","","https://crm.zoho.in/crm/crmlaunchpad/tab/CustomModule2/1034369001653732644","Exception_561aba841063a1d703bd9e8a826c2aa73447dc21852a7ee3b102713a8f8917bb"
"35915000000104004","TB505_HB_RECENT_CHANGE - ZIA - Automated (DEFAULT)","505","HB","AutomationCodeFix","ZIA","50045710988","Vishwa S","FIXED","2026-09-15","401","Handled for dropdown selection","WEB_APP","false","","","https://crm.zoho.in/crm/crmlaunchpad/tab/CustomModule2/1034369001656724733","Exception_d8b5e1ba68e4409b818cc1b9778a4f484d6b9487b42b0b928968adbae299c460"
"35915000000104008","TB503_DB_6 - Ask zia Validation rule - Automated Prediction (PREMIUM-DAILY)","503","DB","AutomationCodeFix","Ask zia Validation rule","50045711750","Harish SS","FIXED","2026-09-17","787","Latest response get changes","WEB_APP","false","","","https://crm.zoho.in/crm/crmlaunchpad/tab/CustomModule2/1034369001659022127","The 'contains' comparator is not supported for the 'Handler' field (User Lookup). Supported comparators are 'equal' and 'not_equal'. Please clarify if you meant an exact match (e.g., Handler equals 'sd') or if you intended to use a different text field th"
"35915000000104013","TB504_RB_3 - CanvasHomePage - Automated (PREMIUM-RELEASE)NEW CASE BREAKAGE","504","RB","NotReproducibleAI","CanvasHomePage","50045711750","Harish SS","FIXED","2026-09-17","586","Account in standard edition","WEB_APP","false","","","https://crm.zoho.in/crm/crmlaunchpad/tab/CustomModule2/1034369001550828587","Clicking on link (Setup=>Voice of Customer) in setup page"
"35915000000105002","TB504_RB_2 - Agent in Detail view - Automated Prediction (PREMIUM-RELEASE)","504","RB","PI_Filed_via_Prediction","Agent in Detail view","50045711750","Harish SS","FIXED","2026-09-16","102","Created agent is not listing","WEB_APP","false","","","https://crm.zoho.in/crm/crmlaunchpad/tab/CustomModule2/1034369001599723640","Exception_e9ec01ba1c9212325a353b9739e596222e0c0975823a2df279ffba8fe60eb7f2"
"35915000000105004","TB503_DB_6 - Agent in DV - Automated (PREMIUM-DAILY)NEW CASE BREAKAGE","503","DB","Account Specific Issue","Agent in DV","50045711750","Harish SS","FIXED","2026-09-17","40","Agent is listing","WEB_APP","false","","","https://crm.zoho.in/crm/crmlaunchpad/tab/CustomModule2/1034369001557101094","Clicking on link (Setup=>Agents) in setup page"
"35915000000110022","TB503_DB_6 - ZIA-might be CV issue","503","DB","NotReproduciblePI","ZIA","50045710988","Vishwa S","FIXED","2026-09-21","314","Currently in latest release automation reports, the failed portion got passed","WEB_APP","false","","","https://crm.zoho.in/crm/crmlaunchpad/tab/CustomModule2/1034369001658922387","Exception_de02caac594ee04eb4d6689ee54093844c8d1fec462442fe23c0ca9c2e77f8b9"
"35915000000110024","TB504_2 - Smart prompt","504","RB","NotReproducibleAI","Smart prompt","50045710988","Vishwa S","FIXED","2026-09-22","274","In latest automation there is another Automation issue, which has been fixed now","WEB_APP","false","","","https://crm.zoho.in/crm/crmlaunchpad/tab/CustomModule2/1034369001657689425","PROFILEPOJO_NOT_CREATEDcom.zoho.common.components.validator.exception.MetaDataException: Exception occurred in validation of Profile | Error Response for Models<class com.zoho.crmmeta.profile.bean.Profile> : {Profile-[PRF003-Duplicate Profile Name] }"
"35915000000110029","TB505_RB_1 - NBX - Automated Prediction (PREMIUM-RELEASE)","505","RB","PI_Filed_via_Prediction","NBX","50045711750","Harish SS","FIXED","2026-09-23","92","Unable to fetch insights present in nbx wideget (Will refactor the failure message in automation report)","WEB_APP","false","","","https://crm.zoho.in/crm/crmlaunchpad/tab/CustomModule2/1034369001662969588","NBX_WIDGET_NOT_SHOWING"
"35915000000110033","TB505_RB_1 - QuickMLInteg - Automated (PREMIUM-RELEASE)","505","RB","Account Specific Issue","QuickMLInteg","50045711750","Harish SS","FIXED","2026-09-24","177","Have created th erequired quicckml config","WEB_APP","false","","","https://crm.zoho.in/crm/crmlaunchpad/tab/CustomModule2/1034369001475126667","Failure_2806fb9c27a035d05ec562b18825500af4b8b07c9384e8a1eb24a8cd447e5755"
"35915000000110035","TB505 - ZIA-Have created a sales order using the ?Get New Suggestion? button. After completing this action, when click ?Get New Suggestion? again, no response or new suggestions are displayed. Only the ?Get New Suggestion? button remains visible.","502","DB","NotReproducibleAI","ZIA","50045711750","Harish SS","FIXED","2026-09-24","32","Will check the presto acc","WEB_APP","false","","","https://crm.zoho.in/crm/crmlaunchpad/tab/CustomModule2/1034369001640710549","Failure_e4952cebe2757b870a7065eec3fc54a950b0dc87fc6ec7164f647c399298d3d4"
"35915000000110037","TB505_RB_1 - VOC - Automated (PREMIUM-RELEASE)NEW CASE BREAKAGE","505","RB","ChangedToAnotherAD","VOC","50045711750","Harish SS","FIXED","2026-09-24","54","nextgenUI is disabled in this HD acc. Please check this na","WEB_APP","false","Chella","1034369000065846511","https://crm.zoho.in/crm/crmlaunchpad/tab/CustomModule2/1034369001677522034","Exception_c696b27fd31c5b71290aa901eb3ff9dd42ce5ac0fb467398da65b1e9aecc7d4d"
"35915000000110041","TB504_DB_4 - Query in Zia LLM - Automated (PREMIUM-DAILY)NEW CASE BREAKAGE","504","DB","NotReproducibleAI","Query in Zia LLM","50045710988","Vishwa S","FIXED","2026-09-24","112","Moved the case to future build 507 due to developer concern

https://cliq.zoho.in/company/60002085329/chats/CT_1291580157372196307_60002085329-T-1795983343388237922/messages/1789831526234_7420097156","WEB_APP","false","","","https://crm.zoho.in/crm/crmlaunchpad/tab/CustomModule2/1034369001662441526","Failure_aa48f8fd3e84e63d03f42a13756c7c3cca5d029b3dad5e803f1abfd0f427812b"
"35915000000110045","TB505_RB_1 - Zia Pitch - Automated Prediction (PREMIUM-RELEASE)","505","RB","PI_Filed_via_Prediction","Zia Pitch","50045710988","Vishwa S","FIXED","2026-09-25","466","","WEB_APP","false","","","https://crm.zoho.in/crm/crmlaunchpad/tab/CustomModule2/1034369000471185670","Failure_230854e2e195db0cebb5496cb976ac9ae26c3103dec88e52cea963602b6e25d2"
"35915000000110047","TB504_RB_1 - Recommendation - Automated Prediction (PREMIUM-RELEASE)","504","RB","NotReproduciblePI","Recommendation","50045710988","Vishwa S","FIXED","2026-09-25","445","In latest we didn't faced the issue, in all the latest automation reports the case got failed due to IDC bug before this failure itself","WEB_APP","false","","","https://crm.zoho.in/crm/crmlaunchpad/tab/CustomModule2/1034369000610027779","Failure_fb0a25f09643332d01d4d8ffbc12d749ddc30c24cca6e9a0760ade31290035d6"
"35915000000110049","TB504_DB_5 - Email - Automated Prediction (PREMIUM-DAILY)","504","DB","AutomationCodeFix","Email","50045710988","Vishwa S","FIXED","2026-09-25","373","Wait time added between the renotify calls","WEB_APP","false","","","https://crm.zoho.in/crm/crmlaunchpad/tab/CustomModule2/1034369001679138766","Failure_aa2478153c7f0c57e7a2d1284a40d61b2740542ba235db7d313bcf18454d6fe0"
"35915000000111001","TB504_2 - VOC","504","RB","AutomationCodeFix","VOC","50045711750","Harish SS","FIXED","2026-09-18","75","Loc chages for remove icon","WEB_APP","false","","","https://crm.zoho.in/crm/crmlaunchpad/tab/CustomModule2/1034369000858216288","Failure_e488c7f021f45a11f6083d036272ee5473c22e37532ef9d1d3a57b9fe57b433d"
"35915000000111019","TB503_RB_3 - Query in Zia LLM - Automated (PREMIUM-RELEASE)NEW CASE BREAKAGE","503","RB","NEW_CASE Bug","Query in Zia LLM","50045710988","Vishwa S","FIXED","2026-09-19","104","As Zia queries developer is there to handle for new changes related to this. Paused automation until then

https://cliq.zoho.in/company/60002085329/chats/CT_1291580157372196307_60002085329-T-1795983343388237922/messages/1789831526234_7420097156","WEB_APP","false","","","https://crm.zoho.in/crm/crmlaunchpad/tab/CustomModule2/1034369001643710960","Failure_e63d8b49cb7ae8cdb64d1d6387187e01dd2d837f6758bc978cd34b4b79d64d95"
"35915000000111028","TB504_RB_3 - Native Agents in CRM - Automated Prediction (PREMIUM-RELEASE)","504","RB","PI_Filed_via_Prediction","Native Agents in CRM","50045710988","Vishwa S","FIXED","2026-09-21","122","","WEB_APP","false","","","https://crm.zoho.in/crm/crmlaunchpad/tab/CustomModule2/1034369001658831029","Failure_9be8d817992c305a829fde1c53623b3e40fe0dff4f48d1654d12bdad658abab8"
"35915000000111034","TB503_RB_3 - Colors_PickList - Automated Prediction (PREMIUM-RELEASE)","503","RB","NotReproduciblePI","Colors_PickList","50046120377","Karthikeyan B","FIXED","2026-09-23","106","Issue not occurred in recent reports,","WEB_APP","false","","","https://crm.zoho.in/crm/crmlaunchpad/tab/CustomModule2/1034369001643728893","Exception_bfa5d405ebc1d0a959e7b10db05ae20ad72f33dabaad560f61b65a3e1b154d2a"
"35915000000111036","TB505_RB_1 - Colors_PickList - Automated (PREMIUM-RELEASE)","505","RB","AutomationCodeFix","Colors_PickList","50046120377","Karthikeyan B","FIXED","2026-09-23","1115","unwanted mail sending removed and subject confusion refactored","WEB_APP","false","","","https://crm.zoho.in/crm/crmlaunchpad/tab/CustomModule2/1034369001519126570","Failure_b82883cffc55a6ce324172e2fbc6c0f703736e2dba46f0fcbfb147a4771f5189"
"35915000000111042","TB505_1 - VoC in Professional edition","505","RB","AutomationCodeFix","VoC in Professional edition","50045711750","Harish SS","FIXED","2026-09-23","295","No data verification in vov professional","WEB_APP","false","","","https://crm.zoho.in/crm/crmlaunchpad/tab/CustomModule2/1034369001662990967","Failure_234e00b1a234c72fb895a9e7da8b0e19c62a0478d152df41c264b54b2d772ed7"
"35915000000111049","TB503_RB_1 - Deals Closure - Automated Prediction (PREMIUM-RELEASE)","503","RB","PI_Filed_via_Prediction","Deals Closure","50045710988","Vishwa S","FIXED","2026-09-25","202","Zia notification doesn't got pushed for NBX","WEB_APP","false","","","https://crm.zoho.in/crm/crmlaunchpad/tab/CustomModule2/1034369000599327367","Failure_1f8fc75e8dee0b7f255ca90b612de1e99f70f652d7cac344c9cdcd22647c8ca1"
"35915000000111052","TB505_RB_1 - Colors_PickList - Automated (PREMIUM-RELEASE)","505","RB","AutomationCodeFix","Colors_PickList","50045710988","Vishwa S","FIXED","2026-09-25","145","Handled for update enrichment button","WEB_APP","false","","","https://crm.zoho.in/crm/crmlaunchpad/tab/CustomModule2/1034369000795682867","Failure_05f3867ad3be1f2b3f551780b48c588963cf6540306bab3448e230e7c15fe2a2"
"35915000000112011","TB503_DB_6_VOC_ZeroRows : More than 40 Minutes taken","503","DB","ZeroRows","VOC","50045710988","Vishwa S","FIXED","2026-09-20","108","Case running fine in latest release automation reports","WEB_APP","false","","","https://crm.zoho.in/crm/crmlaunchpad/tab/CustomModule2/1034369001658949527",""
"35915000000112013","TB504_RB_3_VOC_ZeroRows : More than 35 Minutes taken","504","RB","ZeroRows","VOC","50045710988","Vishwa S","FIXED","2026-09-20","68","Case got passed in latest release automation reports","WEB_APP","false","","","https://crm.zoho.in/crm/crmlaunchpad/tab/CustomModule2/1034369001658790409",""
"35915000000112016","TB504_RB_3_Voc Channel Adoption Phase 2_ZeroRows : More than 37 Minutes taken","504","RB","ZeroRows","Voc Channel Adoption Phase 2","50045710988","Vishwa S","FIXED","2026-09-20","70","Case running fine in latest automation reports","WEB_APP","false","","","https://crm.zoho.in/crm/crmlaunchpad/tab/CustomModule2/1034369001658790399",""
"35915000000112020","TB504_DB_3_MissedRows","504","DB","NotReproducibleAI","","50045711750","Harish SS","FIXED","2026-09-22","37","Will check and add acc","WEB_APP","false","","","https://crm.zoho.in/crm/crmlaunchpad/tab/CustomModule2/1034369001662378849",""
"35915000000112022","TB505_RB_1 - Smart prompt - Automated (PREMIUM-RELEASE)","505","RB","AlreadyFixed_AI","Smart prompt","50045710988","Vishwa S","FIXED","2026-09-23","133","Already fixed this issue and in latest default 506 too the case is getting passed","WEB_APP","false","","","https://crm.zoho.in/crm/crmlaunchpad/tab/CustomModule2/1034369001657600810","Anthropic has been undeployed successfully. not found in page Smart Prompt"
"35915000000112026","TB505_RB_1 - Data Enrichment - Automated (RELEASE)","505","RB","ChangedToAnotherAD","Data Enrichment","50046120377","Karthikeyan B","FIXED","2026-09-23","813","Product Flow change handling missed.","WEB_APP","false","Kovarthini Chinraj","1034369000001128941","https://crm.zoho.in/crm/crmlaunchpad/tab/CustomModule2/1034369001654247906","Exception_7f5b9e9707c4c2cefa3930c72b09b687bfde5064d2c6e1f4a0576658e8d69dd2"
"35915000000112033","TB504_DB_3 - VOC - Automated Prediction (PREMIUM-DAILY)","504","DB","PI_Filed_via_Prediction","VOC","50045711750","Harish SS","FIXED","2026-09-23","91","VOC Highlights timeline data not populated","WEB_APP","false","","","https://crm.zoho.in/crm/crmlaunchpad/tab/CustomModule2/1034369000468616881","Failure_a626fd4b009dd3c72055101f3825c14ef449d75cbc09223ea45b215240548f69"
"35915000000112035","TB504_DB_3 - ICR Import flow - Automated (PREMIUM-DAILY)NEW CASE BREAKAGE","504","DB","Account Specific Issue","ICR Import flow","50045711750","Harish SS","FIXED","2026-09-24","65","Not reproducible","WEB_APP","false","","","https://crm.zoho.in/crm/crmlaunchpad/tab/CustomModule2/1034369001662441535","Failure_f9b8ceefc45ab2e30f01d869e2565dc8cafce6dca4b17ecbb7115e1633636ff7"
"35915000000112038","TB505_RB_1 - Ingesting third-party data as data souce via Data Prep for VoC - Automated (PREMIUM-RELEASE)","505","RB","Account Specific Issue","Ingesting third-party data as data souce via Data Prep for VoC","50045711750","Harish SS","FIXED","2026-09-25","68","Zendesk creation","WEB_APP","false","","","https://crm.zoho.in/crm/crmlaunchpad/tab/CustomModule2/1034369001677470371","Exception_ca4d841a177365112148e99a69717b1e707ca9d0af39fff3cc6f365810d92290"
"35915000000112043","TB504_DB_5 - Field Prediction","504","DB","NotReproducibleAI","Field Prediction","50045710988","Vishwa S","FIXED","2026-09-25","111","Now in latest automation reports the case is working fine","WEB_APP","false","","","https://crm.zoho.in/crm/crmlaunchpad/tab/CustomModule2/1034369001678355142","Exception_152b1721726bf8d103599d7759ec826fe4e7b23e0d5e3caa35bc6dec14d3e2aa"
"35915000000113001","TB504_RB - VOC - (PREMIUM-RELEASE) DI-veryhigh_stable (Prediction)","504","RB","AutomationCodeFix","VOC","50045711750","Harish SS","FIXED","2026-09-18","76","Loc changes","WEB_APP","false","","","https://crm.zoho.in/crm/crmlaunchpad/tab/CustomModule2/1034369001657869625","Failure_ad5b21b7194ae0281ceaffcef576802fe13a5bbb4e96451560496883ac85ea16"
"35915000000113012","TB504_RB_3_ABMs_ZeroRows : More than 44 Minutes taken","504","RB","ZeroRows","ABMs","50045710988","Vishwa S","FIXED","2026-09-20","65","Case running in release automation reports","WEB_APP","false","","","https://crm.zoho.in/crm/crmlaunchpad/tab/CustomModule2/1034369001658790417",""
"35915000000113015","TB504_RB_3_VOC_ZeroRows : More than 50 Minutes taken","504","RB","ZeroRows","VOC","50045710988","Vishwa S","FIXED","2026-09-20","63","Case running fine in latest automation reports","WEB_APP","false","","","https://crm.zoho.in/crm/crmlaunchpad/tab/CustomModule2/1034369001658790400",""
"35915000000113019","TB503_DB_6 - People Data Enrichment - Automated Prediction (PREMIUM-DAILY)","503","DB","AlreadyFixed_AI","People Data Enrichment","50045710988","Vishwa S","FIXED","2026-09-21","334","Enabled the EA key ZIA_PROFILE_CUSTOMISATION_ENABLE as internal, so that the case will work fine now","WEB_APP","false","","","https://crm.zoho.in/crm/crmlaunchpad/tab/CustomModule2/1034369001658831146","Failure_1aee9ba7340bad38f7139ad62baa03c5190e7d18fdfd564291986c102d2721cb"
"35915000000113024","TB505_RB_1 - NBX - Automated (PREMIUM-RELEASE)NEW CASE BREAKAGE","505","RB","AutomationCodeFix","NBX","50045711750","Harish SS","FIXED","2026-09-22","112","Call owner removed","WEB_APP","false","","","https://crm.zoho.in/crm/crmlaunchpad/tab/CustomModule2/1034369001560901586","Exception_5193c1f0e84d50db09bdb281b5496b0c099a220c084290f372297845092005d3"
"35915000000113028","TB504_DB_4_MissedRows","504","DB","NotReproducibleAI","","50045711750","Harish SS","FIXED","2026-09-22","25","Will check and add acc","WEB_APP","false","","","https://crm.zoho.in/crm/crmlaunchpad/tab/CustomModule2/1034369001662608882",""
"35915000000113037","TB504_DB_4 - Ask zia Validation rule - Automated Prediction (PREMIUM-DAILY)","504","DB","Account Specific Issue","Ask zia Validation rule","50045711750","Harish SS","FIXED","2026-09-23","40","Acc specific","WEB_APP","false","","","https://crm.zoho.in/crm/crmlaunchpad/tab/CustomModule2/1034369001662654806","The primary condition can only contain one field. You mentioned 'billing city' as the main criteria, but also included 'billing country' and 'billing street' in the sub-criteria. Please clarify if you want to validate that 'Billing City' is empty when 'Bi"
"35915000000113041","TB505_RB_1 - VoC in Professional edition - Automated (RELEASE)NEW CASE BREAKAGE","505","RB","NotReproducibleAI","VoC in Professional edition","50045711750","Harish SS","FIXED","2026-09-24","91","https://aalam-legacy.csez.zohocorpin.com/Qap/#/reportsnew/Sep_23_2026_TB505_RB_2__AMS_2N_AUTORESTART_2_impact_Full_rst_6_42_35?searchType=passed&owner=&caseId=TestCaseId_test_verifyForecastInProfessionalEdition_77067_0&caseName=&methodId=77067&methodDetails=&failures=&failurerows=All&belongsTo=final&changeSets=

Case passed in recent automation","WEB_APP","false","","","https://crm.zoho.in/crm/crmlaunchpad/tab/CustomModule2/1034369001546529067","Forecast Target Mismatch"
"35915000000113045","TB504_DB_5 - FunnelComponentDrillDown - Automated (DAILY)NEW CASE BREAKAGE","504","DB","NotReproduciblePI","FunnelComponentDrillDown","50045711750","Harish SS","FIXED","2026-09-24","20","Not Reproducible","WEB_APP","false","","","https://crm.zoho.in/crm/crmlaunchpad/tab/CustomModule2/1034369001654092628","Failure_7323ff8841963da9cb02d178fd52710965a220fc3c34a753169e83b024adad5e"
"35915000000113047","TB505_RB_1 - Zia Usage Data Event Mapping - Automated Prediction (PREMIUM-RELEASE)","505","RB","PI_Filed_via_Prediction","Zia Usage Data Event Mapping","50045710988","Vishwa S","FIXED","2026-09-24","127","","WEB_APP","false","","","https://crm.zoho.in/crm/crmlaunchpad/tab/CustomModule2/1034369001663014233","Clicking on link (Setup=>Usage Data) in setup page"
"35915000000114028","TB504_DB_3 - Ask zia Validation rule - Automated Prediction (PREMIUM-DAILY)","504","DB","Account Specific Issue","Ask zia Validation rule","50045711750","Harish SS","FIXED","2026-09-23","52","Account specific issue","WEB_APP","false","","","https://crm.zoho.in/crm/crmlaunchpad/tab/CustomModule2/1034369001662435482","The field 'Handler' already has an existing validation rule. Please select a different field from the available options: CFUser, Vendor Name, Product Name, or Quantity in Stock."
"35915000000114035","TB504_DB_3 - Smart prompt - Automated Prediction (PREMIUM-DAILY)","504","DB","PI_Filed_via_Prediction","Smart prompt","50045711750","Harish SS","FIXED","2026-09-24","132","Model deprecated response is showing","WEB_APP","false","","","https://crm.zoho.in/crm/crmlaunchpad/tab/CustomModule2/1034369001654221191","Exception_916ea4b385499363eec50c08acdd26907d4e7830913926919b546345732bd36a"
"35915000000114039","TB504_DB_3_MissedRows","504","DB","MissedRows","","50045710988","Vishwa S","FIXED","2026-09-24","29","","WEB_APP","false","","","https://crm.zoho.in/crm/crmlaunchpad/tab/CustomModule2/1034369001662405602",""
"35915000000114045","TB504_DB_5_MissedRows","504","DB","MissedRows","","50045710988","Vishwa S","FIXED","2026-09-25","33","","WEB_APP","false","","","https://crm.zoho.in/crm/crmlaunchpad/tab/CustomModule2/1034369001678903423",""
"35915000000114047","TB504_DB_5_MissedRows","504","DB","MissedRows","","50045710988","Vishwa S","FIXED","2026-09-25","19","","WEB_APP","false","","","https://crm.zoho.in/crm/crmlaunchpad/tab/CustomModule2/1034369001679138440",""
"35915000000115001","TB504_RB_2 - VOC - Automated (PREMIUM-RELEASE)NEW CASE BREAKAGE","504","RB","NotReproducibleAI","VOC","50045711750","Harish SS","FIXED","2026-09-18","31","Will check and apply mocking","WEB_APP","false","","","https://crm.zoho.in/crm/crmlaunchpad/tab/CustomModule2/1034369001657869409","SI Health Check API - ACCOUNT_BLOCKED_DISABLED"
"35915000000115751","TB503_DB_6 - Query in Zia LLM - Automated (PREMIUM-DAILY)NEW CASE BREAKAGE","503","DB","NEW_CASE Bug","Query in Zia LLM","50045710988","Vishwa S","FIXED","2026-09-19","284","As Zia queries developer is there to handle for new changes related to this. Paused automation until then

https://cliq.zoho.in/company/60002085329/chats/CT_1291580157372196307_60002085329-T-1795983343388237922/messages/1789831526234_7420097156","WEB_APP","false","","","https://crm.zoho.in/crm/crmlaunchpad/tab/CustomModule2/1034369001643710973","Failure_238fbecb484a6ce724df777c791ee5670617ee005ae888e9786641f51802b19e"
"35915000000115753","TB504_DB_3 - Query in Zia LLM - Automated (PREMIUM-DAILY)NEW CASE BREAKAGE","504","DB","NEW_CASE Bug","Query in Zia LLM","50045710988","Vishwa S","FIXED","2026-09-19","363","Filed this issue as PI, but Rafi mentioned not to run these feature cases. Discussion chat mentioned below

https://cliq.zoho.in/company/60002085329/chats/CT_1291580157372196307_60002085329-T-1795983343388237922/messages/1789831526234_7420097156","WEB_APP","false","","","https://crm.zoho.in/crm/crmlaunchpad/tab/CustomModule2/1034369001599687820","Exception_bbaf9f85eaf51304014eeeaecd49ae9b6c6ff2cb258783d208ba429b88b8cc33"
"35915000000115765","TB503_DB_6_MissedRows","503","DB","MissedRows","","50045710988","Vishwa S","FIXED","2026-09-20","20","","WEB_APP","false","","","https://crm.zoho.in/crm/crmlaunchpad/tab/CustomModule2/1034369001659005047",""
"35915000000115769","TB504_RB - Email Translation - (PREMIUM-RELEASE) DI-high_stable (Prediction)","504","RB","MissedFromProcessFlow","Email Translation","50045710988","Vishwa S","FIXED","2026-09-21","241","In latest automation reports the case got failed in expected IDC Issue. Here in this bug, in aalam row high_stable is showing. But in automation prediction status UnstableTCID showing as breakage 5, but the case is failing for long time","WEB_APP","false","","","https://crm.zoho.in/crm/crmlaunchpad/tab/CustomModule2/1034369001657869714","Exception_f322162b28b84a6206f189a77fee491cd02b116039f0c2e374ecd074194f9c7c"
"35915000000115772","TB504_2 - IntelligentCharacterRecognition","504","RB","NotReproducibleAI","IntelligentCharacterRecognition","50045710988","Vishwa S","FIXED","2026-09-23","2043","The mentioned issue is not reproducible. But in latest automation reports faced another AI and I fixed it","WEB_APP","false","","","https://crm.zoho.in/crm/crmlaunchpad/tab/CustomModule2/1034369001657656183","Exception_b90bb37f1fbe7cd364b3e00d1164a6b8c2014ab9a9e9b12735deba5d54546510"
"35915000000115774","TB504_HF_1 - Ask zia Validation rule","504","HF","Account Specific Issue","Ask zia Validation rule","50045711750","Harish SS","FIXED","2026-09-22","90","Acc specific. Passed in recent report
https://aalam-legacy.csez.zohocorpin.com/Qap/#/reportsnew/Sep_22_2026_TB504_HF_6_Hotfix_basic_PREMIUM_Basiccase?searchType=passed&owner=&caseId=TestCaseId_test_createVRUsingZia_73838_0&caseName=&methodId=73838&methodDetails=&failures=&failurerows=All&belongsTo=final&changeSets=","WEB_APP","false","","","https://crm.zoho.in/crm/crmlaunchpad/tab/CustomModule2/1034369001466665999","Exception_5c795018230eb6f188c14573c9019e12857746e6a0deb0c5f8f9b8321e0ffde5"
"35915000000115782","TB504_DB_5 - Agent in DV - Automated (PREMIUM-DAILY)NEW CASE BREAKAGE","504","DB","PI_Filed_via_Prediction","Agent in DV","50045711750","Harish SS","FIXED","2026-09-23","98","Tool not found showing","WEB_APP","false","","","https://crm.zoho.in/crm/crmlaunchpad/tab/CustomModule2/1034369001654203260","Exception_165c55939801204f38cfd4ca59dc035d67fd7b5a754594c8d64c3847e2752d76"
"35915000000115784","TB504_DB_3 - ICR Canvas Support - Automated Prediction (PREMIUM-DAILY)","504","DB","NotReproducibleAI","ICR Canvas Support","50045711750","Harish SS","FIXED","2026-09-23","27","https://aalam-legacy.csez.zohocorpin.com/Qap/#/reportsnew/Sep_21_2026_Latest_Default_506_5_PM_DI_RERUN_NEW_FLOW_AUTORESTART_impact_Followup_Premium_17_12_36_662_Premium_rst_23_45_37?searchType=passed&owner=&caseId=TestCaseId_test_verifyUnselectLookupValueAndSaveInIcrModal_76673_0&caseName=&methodId=76673&methodDetails=&failures=&failurerows=All&belongsTo=final&changeSets=","WEB_APP","false","","","https://crm.zoho.in/crm/crmlaunchpad/tab/CustomModule2/1034369001658749735","Exception_399ec0d6e8f4c3787a3c7eac97562a97a2b6df658153c2a2dd1ef359da57755b"
"35915000000115789","TB504_DB_4 - IntelligentCharacterRecognition - Automated Prediction (PREMIUM-DAILY)","504","DB","PI_Filed_via_Prediction","IntelligentCharacterRecognition","50045710988","Vishwa S","FIXED","2026-09-24","873","Filed the issue as PI, and also handled in automation for better failure message printing","WEB_APP","false","","","https://crm.zoho.in/crm/crmlaunchpad/tab/CustomModule2/1034369001662668225","Exception_b6a804dff2840ff2c7888acc9ed6f59db6f1f4894c5f52c18ac4550e82af2026"
"35915000000115794","TB505_RB_1 - Query in Zia LLM - Automated (PREMIUM-RELEASE)NEW CASE BREAKAGE","505","RB","NotReproducibleAI","Query in Zia LLM","50045710988","Vishwa S","FIXED","2026-09-25","225","Already fixed this issue and marked this case not to run in automation due to developer's suggestion","WEB_APP","false","","","https://crm.zoho.in/crm/crmlaunchpad/tab/CustomModule2/1034369001677522062","Zia LLM has been deployed successfully. not found in page Smart Prompt"
"35915000000115796","TB505_RB_1 - Native Agents in CRM - Automated Prediction (PREMIUM-RELEASE)","505","RB","Uncategorized","Native Agents in CRM","50045710988","Vishwa S","INVESTIGATING","","1059","","WEB_APP","false","","","https://crm.zoho.in/crm/crmlaunchpad/tab/CustomModule2/1034369001677477471","Failure_52d3c260901373b52ec6836e1a6610d7ffb4f189607d361ed2b2a9069e6eb1a5"
"35915000000116040","TB504_RB_3_MissedRows","504","RB","MissedRows","","50045710988","Vishwa S","FIXED","2026-09-20","45","","WEB_APP","false","","","https://crm.zoho.in/crm/crmlaunchpad/tab/CustomModule2/1034369001658749827",""
"35915000000116042","TB504_RB_2_MissedRows","504","RB","MissedRows","","50045710988","Vishwa S","FIXED","2026-09-20","45","","WEB_APP","false","","","https://crm.zoho.in/crm/crmlaunchpad/tab/CustomModule2/1034369001656755510",""
"35915000000116053","TB505_RB_1 - ICR Subform support - Automated (PREMIUM-RELEASE)","505","RB","AutomationCodeFix","ICR Subform support","50045710988","Vishwa S","FIXED","2026-09-23","317","Issue fixed by handling wrt ICR Import flow and pushed to default branch","WEB_APP","false","","","https://crm.zoho.in/crm/crmlaunchpad/tab/CustomModule2/1034369001657536781","Failure_92a0251ebff3403c6da4965918058868d19a8031237bc2003c5d1c644fd5e28b"
"35915000000116058","TB505_RB_1 - Macro - Automated (PREMIUM-RELEASE)","505","RB","ChangedToAnotherAD","Macro","50046120377","Karthikeyan B","FIXED","2026-09-23","269","Asked to redesign the case by himself, since there is no DRI for email authentication","WEB_APP","false","Balakrishnan M V","1034369000595450609","https://crm.zoho.in/crm/crmlaunchpad/tab/CustomModule2/1034369001644726799","Failure_6c64661d4435fddea262d67d41527873e84dd44d2fd8068da332dd60c9656f42"
"35915000000116072","TB504_DB_4_MissedRows","504","DB","MissedRows","","50045710988","Vishwa S","FIXED","2026-09-24","56","","WEB_APP","false","","","https://crm.zoho.in/crm/crmlaunchpad/tab/CustomModule2/1034369001662646107",""
"35915000000116075","TB505_RB_1_VOC_ZeroRows : More than 40 Minutes taken","505","RB","ZeroRows","VOC","50045710988","Vishwa S","FIXED","2026-09-25","59","","WEB_APP","false","","","https://crm.zoho.in/crm/crmlaunchpad/tab/CustomModule2/1034369001677467474",""
"35915000000116077","TB504_RB_2 - NBX - Automated (PREMIUM-RELEASE)","504","RB","PI_Filed_via_Prediction","NBX","50045710988","Vishwa S","FIXED","2026-09-25","225","NBX is not showing in the DV","WEB_APP","false","","","https://crm.zoho.in/crm/crmlaunchpad/tab/CustomModule2/1034369000419388159","Failure_ab9256eb278beb090dab2b6bd2c1ec9a6a1cda6ccfbfb7ac860a22317b4e0f33"
"35915000000117001","TB504_DB_3 - NBX - Automated (PREMIUM-DAILY)NEW CASE BREAKAGE","504","DB","PI_Filed_via_Prediction","NBX","50045711750","Harish SS","FIXED","2026-09-18","40","After clicking the get new suggestion button, Still the button is present","WEB_APP","false","","","https://crm.zoho.in/crm/crmlaunchpad/tab/CustomModule2/1034369001661779240","Exception_3b642b8f30173123422cca364217f5b6a5b87ce23e662205d1a422819fd65e46"
"35915000000117018","TB503_DB_6_VOC_ZeroRows : More than 35 Minutes taken","503","DB","ZeroRows","VOC","50045710988","Vishwa S","FIXED","2026-09-20","74","Case running in latest release automation reports","WEB_APP","false","","","https://crm.zoho.in/crm/crmlaunchpad/tab/CustomModule2/1034369001658949526",""
"35915000000117020","TB503_DB_6_MissedRows","503","DB","MissedRows","","50045710988","Vishwa S","FIXED","2026-09-20","57","","WEB_APP","false","","","https://crm.zoho.in/crm/crmlaunchpad/tab/CustomModule2/1034369001658893710",""
"35915000000117022","TB506 - VOC-Survey is not listing","504","RB","Account Specific Issue","VOC","50045711750","Harish SS","FIXED","2026-09-22","242","Collector created for survey","WEB_APP","false","","","https://crm.zoho.in/crm/crmlaunchpad/tab/CustomModule2/1034369001641180120","Failure_bcc6436c8520d009ea06b9d03a62e313396c099df2f2890e35c4bc8c338d1d78"
"35915000000117025","TB504_RB_3 - VOC - Automated Prediction (PREMIUM-RELEASE)","504","RB","NotReproduciblePI","VOC","50045711750","Harish SS","FIXED","2026-09-24","51","https://aalam-legacy.csez.zohocorpin.com/Qap/#/reportsnew/Sep_21_2026_Latest_Default_506_5_PM_DI_RERUN_NEW_FLOW_AUTORESTART_impact_Followup_Premium_17_12_36_662_Premium_rst_23_45_37?searchType=passed&owner=&caseId=TestCaseId_test_verifyAnonymousChartForCustomModuleWithLookup_67952_0&caseName=&methodId=67952&methodDetails=&failures=&failurerows=All&belongsTo=final&changeSets=

Case passed in recent automation","WEB_APP","false","","","https://crm.zoho.in/crm/crmlaunchpad/tab/CustomModule2/1034369001658722984","Exception_9c3f125266185e1b7e107c8e59d3f11b8c4a5c16c4d930ef5f64a6a7dccbef79"
"35915000000117027","TB504_DB_5 - CanvasHomePage - Automated (PREMIUM-DAILY)NEW CASE BREAKAGE","504","DB","NotReproduciblePI","CanvasHomePage","50045711750","Harish SS","FIXED","2026-09-24","122","https://zdrv.in/FUyenm

VoC is activating now","WEB_APP","false","","","https://crm.zoho.in/crm/crmlaunchpad/tab/CustomModule2/1034369001386082347","Voc Enable Disable"
"35915000000117030","TB505_RB_1 - VOC - Automated (PREMIUM-RELEASE)","505","RB","NotReproduciblePI","VOC","50045711750","Harish SS","FIXED","2026-09-24","148","https://aalam-legacy.csez.zohocorpin.com/Qap/#/reportsnew/Sep_23_2026_TB504_DB_6__AMS_2N_AUTORESTART_impact_Followup_Premium_19_36_8_403_Premium_rst_3_38_44?searchType=passed&owner=&caseId=TestCaseId_test_verifyDrillDownSendMailActionsInVoCForecast_62728_1&caseName=&methodId=62728&methodDetails=&failures=&failurerows=All&belongsTo=final&changeSets=
Acase passed in recent automation","WEB_APP","false","","","https://crm.zoho.in/crm/crmlaunchpad/tab/CustomModule2/1034369001531743151","Failure_7bf3b6a0b526f8b6862edb05ff4b162b336665a5da5eca789fac4281541c868e"
"35915000000117033","TB504_DB_4_VOC_ZeroRows : More than 45 Minutes taken","504","DB","ZeroRows","VOC","50045710988","Vishwa S","FIXED","2026-09-24","63","","WEB_APP","false","","","https://crm.zoho.in/crm/crmlaunchpad/tab/CustomModule2/1034369001662614629",""
"35915000000117035","TB504_DB_3_VOC_ZeroRows : More than 40 Minutes taken","504","DB","ZeroRows","VOC","50045710988","Vishwa S","FIXED","2026-09-24","92","Case running fine in latest automation reports","WEB_APP","false","","","https://crm.zoho.in/crm/crmlaunchpad/tab/CustomModule2/1034369001662432302",""
"35915000000117038","TB505_RB_1 - ICR Multi image support - Automated (PREMIUM-RELEASE)NEW CASE BREAKAGE","505","RB","NotReproduciblePI","ICR Multi image support","50045711750","Harish SS","FIXED","2026-09-25","93","https://aalam-legacy.csez.zohocorpin.com/Qap/#/reportsnew/Sep_23_2026_TB505_RB_2__AMS_2N_AUTORESTART_2_impact_Followup_Premium_23_15_1_642_Premium_rst_1_31_6?searchType=newcasebreakage&owner=&caseId=TestCaseId_test_multiImageUploadWithDeleteAndReupload_81491_0&caseName=&methodId=81491&methodDetails=&failures=&failurerows=All&belongsTo=final&changeSets=

Case passed this step in recent automation","WEB_APP","false","","","https://crm.zoho.in/crm/crmlaunchpad/tab/CustomModule2/1034369001677522074","Exception_cd8b982ee7926d76195e93d273b75d7441689266bf8a123131cf5e7a9397291c"
"35915000000117042","TB504_DB_5_MissedRows","504","DB","MissedRows","","50045710988","Vishwa S","FIXED","2026-09-25","25","","WEB_APP","false","","","https://crm.zoho.in/crm/crmlaunchpad/tab/CustomModule2/1034369001678632904",""
"35915000000117045","TB504_HB_Latest_Default - ABM - Automated Prediction (DEFAULT)","504","HB","MissedFromProcessFlow","ABM","50045710988","Vishwa S","FIXED","2026-09-25","444","Bug Passed Milestones doesn't got added so that the bug doesn't got changed for FRB","WEB_APP","false","","","https://crm.zoho.in/crm/crmlaunchpad/tab/CustomModule2/1034369000585203706","Exception_4382f03b5db712cc15257f55f5e201a98295adad56f417f1bae11baafc147b4a"
"35915000000118018","TB504_RB_3_VOC_ZeroRows : More than 35 Minutes taken","504","RB","ZeroRows","VOC","50045710988","Vishwa S","FIXED","2026-09-20","59","Case is running fine in release automation reports","WEB_APP","false","","","https://crm.zoho.in/crm/crmlaunchpad/tab/CustomModule2/1034369001658790407",""
"35915000000118020","TB504_RB_3_VOC_ZeroRows : More than 45 Minutes taken","504","RB","ZeroRows","VOC","50045710988","Vishwa S","FIXED","2026-09-20","89","Case running fine in latest release automation reports","WEB_APP","false","","","https://crm.zoho.in/crm/crmlaunchpad/tab/CustomModule2/1034369001658790396",""
"35915000000118027","TB504_2 - Competitor Alert_EM102","504","RB","PI_FiledBy_RT","Competitor Alert","50045710988","Vishwa S","FIXED","2026-09-22","130","Failure is showing fine and very simple","WEB_APP","false","Sivaprabhu M","1034369000179702175","https://crm.zoho.in/crm/crmlaunchpad/tab/CustomModule2/1034369001657725687","Competitor alert in zia notification"
"35915000000118034","TB504_DB_3 - Ask zia Validation rule - Automated Prediction (PREMIUM-DAILY)","504","DB","PI_Filed_via_Prediction","Ask zia Validation rule","50045711750","Harish SS","FIXED","2026-09-23","59","Some technical error response presence","WEB_APP","false","","","https://crm.zoho.in/crm/crmlaunchpad/tab/CustomModule2/1034369001662407869","Smart prompt returns failure response"
"35915000000118041","TB505_RB_1_MissedRows","505","RB","MissedRows","","50045710988","Vishwa S","FIXED","2026-09-24","43","","WEB_APP","false","","","https://crm.zoho.in/crm/crmlaunchpad/tab/CustomModule2/1034369001666632153",""
"35915000000118043","TB504_DB_3 - Zia Notification Workflow Rule - Automated (PREMIUM-DAILY)","504","DB","AlreadyFixed_AI","Zia Notification Workflow Rule","50045710988","Vishwa S","FIXED","2026-09-24","105","Already removed the FULLPREMIUM tag and the case is getting passed in latest release automation FULL reports","WEB_APP","false","","","https://crm.zoho.in/crm/crmlaunchpad/tab/CustomModule2/1034369001662448190","Exception_df1d3aba73d04275f14e6248c385f176a44fc2dd42c2fcc10c6cbeb685536dda"
"35915000000118050","TB505_RB_1_ChatBot_ZeroRows : java.lang.NoSuchMethodException","505","RB","ZeroRows","ChatBot","50045710988","Vishwa S","FIXED","2026-09-25","75","","WEB_APP","false","","","https://crm.zoho.in/crm/crmlaunchpad/tab/CustomModule2/1034369001677467470",""
"35915000000121005","TB504_DB_4 - NBX - Automated (PREMIUM-DAILY)NEW CASE BREAKAGE","504","DB","NEW_CASE Bug","NBX","50045710988","Vishwa S","FIXED","2026-09-19","171","Already Filed this similar issue which is in Dependency service open status","WEB_APP","false","","","https://crm.zoho.in/crm/crmlaunchpad/tab/CustomModule2/1034369001580405419","Failure_4bb75005b787ca1b397fc4f12439a6fedb8d39457605ff64a15851e52c6107ac"
"35915000000121007","TB504_HB_Latest_Default - ABM - Automated Prediction (DEFAULT)","504","HB","NotReproduciblePI","ABM","50045710988","Vishwa S","FIXED","2026-09-19","492","The case got passed in the latest automation reports","WEB_APP","false","","","https://crm.zoho.in/crm/crmlaunchpad/tab/CustomModule2/1034369001541718673","Failure_9b211504f9ef2e713f12546eb3ae0009f063442fc1b59e076c69e2740ac235c1"
"35915000000121011","TB504_RB_3_MissedRows","504","RB","MissedRows","","50045710988","Vishwa S","FIXED","2026-09-20","53","","WEB_APP","false","","","https://crm.zoho.in/crm/crmlaunchpad/tab/CustomModule2/1034369001658446100",""
"35915000000121016","TB506_HB_RECENT_CHANGE - SalesInbox - Automated (DEFAULT)","506","HB","ChangedToAnotherAD","SalesInbox","50046120377","Karthikeyan B","FIXED","2026-09-24","195","Reassigned to him, since i dint made any change related to that failure","WEB_APP","false","Uday Gowtham R","1034369000001128556","https://crm.zoho.in/crm/crmlaunchpad/tab/CustomModule2/1034369001662202579","Exception_d4c9c95b2ee6930d7e289a583ae5754576c173a110f5171b9238fef8fbeb720a"
"35915000000121018","TB504_DB_4_MissedRows","504","DB","MissedRows","","50045710988","Vishwa S","FIXED","2026-09-24","31","","WEB_APP","false","","","https://crm.zoho.in/crm/crmlaunchpad/tab/CustomModule2/1034369001662608887",""
"35915000000121025","TB503_DB_6 - Best Time Analytics - Automated Prediction (DAILY)","503","DB","PI_Filed_via_Prediction","Best Time Analytics","50045710988","Vishwa S","FIXED","2026-09-25","238","Best time analytics count is not showing as expected","WEB_APP","false","","","https://crm.zoho.in/crm/crmlaunchpad/tab/CustomModule2/1034369000717704464","Failure_48706e89b789f0a4008c2c24eeeb66dd87d09dbd45a5c1f2750f623e5b21cd7b"
"35915000000123027","TB503_DB_3 - NBX - Automated (PREMIUM-DAILY)NEW CASE BREAKAGE","503","DB","NEW_CASE Bug","NBX","50045710988","Vishwa S","FIXED","2026-09-19","103","NBX Model is in progress for specific Module","WEB_APP","false","","","https://crm.zoho.in/crm/crmlaunchpad/tab/CustomModule2/1034369001571716919","Failure_9dc4b0cdb0b9045132279c4cbca0f50213f1574be5443d9784dd7b9ce7d943fa"
"35915000000123029","TB503_DB_6_Voc Channel Adoption Phase 2_ZeroRows : More than 35 Minutes taken","503","DB","ZeroRows","Voc Channel Adoption Phase 2","50045710988","Vishwa S","FIXED","2026-09-20","76","Case running in release automation reports","WEB_APP","false","","","https://crm.zoho.in/crm/crmlaunchpad/tab/CustomModule2/1034369001658949524",""
"35915000000123033","TB504_RB_3_ZIA_ZeroRows : More than 35 Minutes taken","504","RB","ZeroRows","ZIA","50045710988","Vishwa S","FIXED","2026-09-20","270","Case running fine in latest release automation reports","WEB_APP","false","","","https://crm.zoho.in/crm/crmlaunchpad/tab/CustomModule2/1034369001658411781",""
"35915000000123035","TB503_DB_5_MissedRows","503","DB","MissedRows","","50045710988","Vishwa S","FIXED","2026-09-20","46","","WEB_APP","false","","","https://crm.zoho.in/crm/crmlaunchpad/tab/CustomModule2/1034369001657074781",""
"35915000000123038","TB504_RB - Smart prompt - (PREMIUM-RELEASE) DI-high_stable (Prediction)","504","RB","AutomationCodeFix","Smart prompt","50045710988","Vishwa S","FIXED","2026-09-21","390","Handled for enableDisableSmartprompt","WEB_APP","false","","","https://crm.zoho.in/crm/crmlaunchpad/tab/CustomModule2/1034369001657822910","Deepseek has been undeployed successfully. not found in page Smart Prompt"
"35915000000123040","TB504_RB_3 - IntelligentCharacterRecognition - Automated Prediction (PREMIUM-RELEASE)","504","RB","NotReproducibleAI","IntelligentCharacterRecognition","50045711750","Harish SS","FIXED","2026-09-22","68","https://aalam-legacy.csez.zohocorpin.com/Qap/#/reportsnew/Sep_16_2026_TB505_RB_1__AMS_2N_AUTORESTART_impact_Followup_Premium_1_0_19_925_Premium_rst_18_47_16?searchType=passed&owner=&caseId=TestCaseId_test_checkIcrRecordCreateInStandardUser_66408_0&caseName=&methodId=66408&methodDetails=&failures=&failurerows=All&belongsTo=final&changeSets=

Case passed in recent automation","WEB_APP","false","","","https://crm.zoho.in/crm/crmlaunchpad/tab/CustomModule2/1034369001424844611","Exception_00f8d45686e1ad85188bac98309f6885dcac8a63e4e402061c198c8537c6236f"
"35915000000123043","TB505_HB_RECENT_CHANGE - ZIA - Automated (DEFAULT)","505","HB","ChangedToAnotherAD","ZIA","50045710988","Vishwa S","FIXED","2026-09-23","540","The issue got fixed by the fix he've done","WEB_APP","false","Uday Gowtham R","1034369000001128556","https://crm.zoho.in/crm/crmlaunchpad/tab/CustomModule2/1034369001656065602","Failure_5934f5e44516cd8366e078b2f40a16d3c51c87db60c2fcff8499c9eff6e5754c"
"35915000000123045","TB504_DB_3 - Kiosk using ask zia - Automated (PREMIUM-DAILY)NEW CASE BREAKAGE","504","DB","PI_Filed_via_Prediction","Kiosk using ask zia","50045711750","Harish SS","FIXED","2026-09-23","119","Error response is populated in kiosk copilot","WEB_APP","false","","","https://crm.zoho.in/crm/crmlaunchpad/tab/CustomModule2/1034369001662441536","Failure_39a6575779088066ee18cdb5abd0f041b1fd83a9df80da8447f026f5ae48f069"
"35915000000123047","TB504_DB_5 - VoC in Professional edition - Automated (DAILY)NEW CASE BREAKAGE","504","DB","AutomationCodeFix","VoC in Professional edition","50045711750","Harish SS","FIXED","2026-09-23","137","Home page redirection added","WEB_APP","false","","","https://crm.zoho.in/crm/crmlaunchpad/tab/CustomModule2/1034369001654432423","Exception_683fd1d1e20983823502edd296d1c2b854ab6e2938a4e12416d15f34a20fa475"
"35915000000123051","TB504_DB_3_MissedRows","504","DB","MissedRows","","50045710988","Vishwa S","FIXED","2026-09-24","30","","WEB_APP","false","","","https://crm.zoho.in/crm/crmlaunchpad/tab/CustomModule2/1034369001662378854",""
"35915000000123053","TB505_RB_1 - Ask zia Validation rule - Automated (PREMIUM-RELEASE)","505","RB","Account Specific Issue","Ask zia Validation rule","50045711750","Harish SS","FIXED","2026-09-25","34","","WEB_APP","false","","","https://crm.zoho.in/crm/crmlaunchpad/tab/CustomModule2/1034369001677470417","Exception_5c795018230eb6f188c14573c9019e12857746e6a0deb0c5f8f9b8321e0ffde5"
"35915000000123055","TB505_RB_1 - Ask zia Validation rule - Automated Prediction (PREMIUM-RELEASE)","505","RB","Account Specific Issue","Ask zia Validation rule","50045711750","Harish SS","FIXED","2026-09-25","58","","WEB_APP","false","","","https://crm.zoho.in/crm/crmlaunchpad/tab/CustomModule2/1034369001677488581","Failure_b5eedb2d9509653fdc5e719fd489baa8cd674a5bb59ce48cd30decc337b3ab45"
"35915000000123057","TB505_RB_1 - ICR Subform support - Automated (PREMIUM-RELEASE)","505","RB","NotReproduciblePI","ICR Subform support","50045711750","Harish SS","FIXED","2026-09-25","133","https://aalam-legacy.csez.zohocorpin.com/Qap/#/reportsnew/Sep_23_2026_TB505_RB_2__AMS_2N_AUTORESTART_2_impact_Followup_Premium_23_15_1_642_Premium_rst_20_54_56?searchType=breakageRepeated&owner=&caseId=TestCaseId_test_enrichFromImageForSubformFieldExtraction_77996_0&caseName=&methodId=77996&methodDetails=&failures=&failurerows=All&belongsTo=final&changeSets=

Insufficient shown at that time","WEB_APP","false","","","https://crm.zoho.in/crm/crmlaunchpad/tab/CustomModule2/1034369001677470400","Exception_3d0da0ec872732016aecc3a177caa1546d6f8fdedcf91f2b07bac72b8715bfc8"
"35915000000124022","TB504_RB_3_VOC_ZeroRows : More than 37 Minutes taken","504","RB","ZeroRows","VOC","50045710988","Vishwa S","FIXED","2026-09-20","71","Case got passed in latest release automation reports","WEB_APP","false","","","https://crm.zoho.in/crm/crmlaunchpad/tab/CustomModule2/1034369001658790412",""
"35915000000124024","TB504_RB_3_VOC_ZeroRows : More than 35 Minutes taken","504","RB","ZeroRows","VOC","50045710988","Vishwa S","FIXED","2026-09-20","63","Case running fine in latest release automation reports","WEB_APP","false","","","https://crm.zoho.in/crm/crmlaunchpad/tab/CustomModule2/1034369001658790394",""
"35915000000124032","TB501_DB_3 - Integration - Zoho - Automated Prediction (PREMIUM-DAILY)","501","DB","ChangedToAnotherAD","Integration - Zoho","50046120377","Karthikeyan B","FIXED","2026-09-23","91","same failure occurred in full also. not due to premium tag added","WEB_APP","false","Logeshwar V","1034369000001145648","https://crm.zoho.in/crm/crmlaunchpad/tab/CustomModule2/1034369001603483492",""
"35915000000124035","TB504_DB_3 - Ask zia Validation rule - Automated Prediction (PREMIUM-DAILY)","504","DB","NotReproduciblePI","Ask zia Validation rule","50045711750","Harish SS","FIXED","2026-09-23","91","https://aalam-legacy.csez.zohocorpin.com/Qap/#/reportsnew/Sep_21_2026_Latest_Default_506_5_PM_DI_RERUN_NEW_FLOW_AUTORESTART_impact_Followup_Premium_17_12_36_662_Premium_rst_3_17_16?searchType=passed&owner=&caseId=TestCaseId_test_verifyVRWithDateField_74748_0&caseName=&methodId=74748&methodDetails=&failures=&failurerows=All&belongsTo=final&changeSets=","WEB_APP","false","","","https://crm.zoho.in/crm/crmlaunchpad/tab/CustomModule2/1034369001616839650","Failure_8b2d8a315ed941f5abeea499283bf17b34ed782974c3a632188daed54ba51623"
"35915000000124042","TB505_RB_1 - Competitor Alert - Automated (PREMIUM-RELEASE)","505","RB","AutomationCodeFix","Competitor Alert","50045710988","Vishwa S","FIXED","2026-09-25","701","","WEB_APP","false","","","https://crm.zoho.in/crm/crmlaunchpad/tab/CustomModule2/1034369000692371585","SALESSIGNALNOTIFICATIONCOUNT"
"35915000000124044","TB505_RB - Zia Presentation - (PREMIUM-RELEASE) DI-veryhigh_stable (Prediction)","505","RB","PI_Filed_via_Prediction","Zia Presentation","50045710988","Vishwa S","FIXED","2026-09-25","307","Field importance call failed","WEB_APP","false","","","https://crm.zoho.in/crm/crmlaunchpad/tab/CustomModule2/1034369001677522484","FIELD_IMPORTANCE_FAILURE"
"35915000000125020","TB504_DB_3 - ZKS UI Enhancements - Automated (PREMIUM-DAILY)NEW CASE BREAKAGE","504","DB","NEW_CASE Bug","ZKS UI Enhancements","50045710988","Vishwa S","FIXED","2026-09-19","495","ZIA_PROFILE_CUSTOMISATION_ENABLE EA key doesn't got marked as internal caused the issue. 

Now marked it and it'll work fine","WEB_APP","false","","","https://crm.zoho.in/crm/crmlaunchpad/tab/CustomModule2/1034369001639291682","Failure_bd4365b01df90e528ad76aaacd3d99eca7f6a4052069600c53e09270ce93330c"
"35915000000125023","TB504_RB_3_Email Intellgence_ZeroRows : More than 35 Minutes taken","504","RB","ZeroRows","Email Intellgence","50045710988","Vishwa S","FIXED","2026-09-20","123","Case running in latest automation reports","WEB_APP","false","","","https://crm.zoho.in/crm/crmlaunchpad/tab/CustomModule2/1034369001658790403",""
"35915000000125028","TB504_RB_2 - Overall Email summary - Automated Prediction (PREMIUM-RELEASE)","504","RB","NotReproduciblePI","Overall Email summary","50045710988","Vishwa S","FIXED","2026-09-21","236","In latest reports, we are facing different product issues so that filed that PI alone","WEB_APP","false","","","https://crm.zoho.in/crm/crmlaunchpad/tab/CustomModule2/1034369001657891582","Zia LLM has been deployed successfully. not found in page Smart Prompt"
"35915000000125030","TB504_RB_2 - ZIA - Automated Prediction (PREMIUM-RELEASE)","504","RB","AalamConfigurationUpdate","ZIA","50045710988","Vishwa S","FIXED","2026-09-21","590","Removed FULLPREMIUM tag from the case as the HD Case need run in FULL automation alone","WEB_APP","false","","","https://crm.zoho.in/crm/crmlaunchpad/tab/CustomModule2/1034369001657807913",""
"35915000000125034","TB504_DB_3 - IntelligentCharacterRecognition - Automated (PREMIUM-DAILY)NEW CASE BREAKAGE","504","DB","NotReproducibleAI","IntelligentCharacterRecognition","50045711750","Harish SS","FIXED","2026-09-22","62","https://aalam-legacy.csez.zohocorpin.com/Qap/#/reportsnew/Sep_21_2026_Latest_Default_506_5_PM_DI_RERUN_NEW_FLOW_AUTORESTART_impact_Followup_Premium_17_12_36_662_Premium?searchType=passed&owner=&caseId=TestCaseId_test_createZiaIcrWithDecimalAndImageFieldUpdate_66946_0&caseName=&methodId=66946&methodDetails=&failures=&failurerows=All&belongsTo=final&changeSets=

 Case passed in recent automation","WEB_APP","false","","","https://crm.zoho.in/crm/crmlaunchpad/tab/CustomModule2/1034369001658725980","Exception_3d0da0ec872732016aecc3a177caa1546d6f8fdedcf91f2b07bac72b8715bfc8"
"35915000000125036","TB505_RB_1_MissedRows","505","RB","NotReproducibleAI","","50045711750","Harish SS","FIXED","2026-09-22","21","Will check and add acc","WEB_APP","false","","","https://crm.zoho.in/crm/crmlaunchpad/tab/CustomModule2/1034369001666632148",""
"35915000000125038","TB503_DB_6 - Email - Automated (PREMIUM-DAILY)NEW CASE BREAKAGE","503","DB","NotReproducibleAI","Email","50046120377","Karthikeyan B","FIXED","2026-09-23","148","Case starts passing in default , started new case automation to remove new_case tag","WEB_APP","false","","","https://crm.zoho.in/crm/crmlaunchpad/tab/CustomModule2/1034369000690414488","SENDMAILPOPUPNOTCLOSED"
"35915000000125040","TB503_DB_6 - CanvasHomePage - Automated (PREMIUM-DAILY)NEW CASE BREAKAGE","503","DB","Uncategorized","CanvasHomePage","50046120377","Karthikeyan B","INVESTIGATING","","1720","","WEB_APP","false","","","https://crm.zoho.in/crm/crmlaunchpad/tab/CustomModule2/1034369001545078973","SI Health Check API - CONFIG_ERROR"
"35915000000125043","TB502_HF_1 - BasicCase - Automated (HOTFIX)","502","HF","Uncategorized","BasicCase","50046120377","Karthikeyan B","INVESTIGATING","","127","","WEB_APP","false","","","https://crm.zoho.in/crm/crmlaunchpad/tab/CustomModule2/1034369001657990215","ACCESS_TOKEN_IS_EMPTY_OR_NULL"
"35915000000125045","TB504_RB_1 - MacroTest - Automated (PREMIUM-RELEASE)","504","RB","ChangedToAnotherAD","MacroTest","50046120377","Karthikeyan B","FIXED","2026-09-23","318","Issue due to AD's recent change.","WEB_APP","false","karthick.rm@zohocorp.com","1034369001097788284","https://crm.zoho.in/crm/crmlaunchpad/tab/CustomModule2/1034369001644772650","Exception_d6bac00c6ee159dadd99f002a3d989580a91dbb189ba00007b34363fccb26b5a"
"35915000000125051","TB505_RB_1 - NBX - Automated (PREMIUM-RELEASE)NEW CASE BREAKAGE","505","RB","PI_Filed_via_Prediction","NBX","50045711750","Harish SS","FIXED","2026-09-23","69","NBX Widget is not showing in the record detail view page","WEB_APP","false","","","https://crm.zoho.in/crm/crmlaunchpad/tab/CustomModule2/1034369001663033069","NBX_WIDGET_NOT_SHOWING"
"35915000000125054","TB505_RB_1 - VOC - Automated (PREMIUM-RELEASE)","505","RB","ChangedToAnotherAD","VOC","50045711750","Harish SS","FIXED","2026-09-24","39","Gmail status is inactive","WEB_APP","false","Vishwa S","1034369000179584801","https://crm.zoho.in/crm/crmlaunchpad/tab/CustomModule2/1034369001396810488","Failure_b062515a40bf8ad474be25060a5ffedcb79bd04a097a02c7f97fa277aac07a20"
"35915000000125056","TB505_RB_1 - VOC - Automated (PREMIUM-RELEASE)","505","RB","PI_Filed_via_Prediction","VOC","50045711750","Harish SS","FIXED","2026-09-24","415","Summary analysis -> Intent summary -> A attribute is not present or not data populated for that attribute. The data-segmentfilter,'""value"":""Poor crm support"" is not present. Is any recent change in attributes?","WEB_APP","false","","","https://crm.zoho.in/crm/crmlaunchpad/tab/CustomModule2/1034369001090841087","Exception_ad23f277ace244d8558e4c1200be8edc2d53c5a2592e256948ea5df9c6b25c56"
"35915000000125060","TB504_RB - VOC - Automated (PREMIUM-RELEASE)","504","RB","NotReproduciblePI","VOC","50045711750","Harish SS","FIXED","2026-09-24","67","https://aalam-legacy.csez.zohocorpin.com/Qap/#/reportsnew/Sep_23_2026_TB504_DB_6__AMS_2N_AUTORESTART_impact_Followup_ReleasePremiumAuto_Timetakencases_19_36_8_403_Premium?searchType=passed&owner=&caseId=TestCaseId_test_checkForecastAnalysiswithoutQuantityinForecast_40725_2&caseName=&methodId=40725&methodDetails=&failures=&failurerows=All&belongsTo=final&changeSets=

Case passed in recent automation","WEB_APP","false","","","https://crm.zoho.in/crm/crmlaunchpad/tab/CustomModule2/1034369001658983165","VOC Data population mismatch"
"35915000000125066","TB504_DB - ABMs - (PREMIUM-DAILY) DI-veryhigh_stable (Prediction)","504","DB","AutomationCodeFix","ABMs","50045710988","Vishwa S","FIXED","2026-09-24","866","Issue fixed by changing the enable disable flow technique and pushed to default branch","WEB_APP","false","","","https://crm.zoho.in/crm/crmlaunchpad/tab/CustomModule2/1034369001662654754","Failure_9a29671923d62510f27a16870e1afa942f7dc9f0a9b7c8e81c8d176347f8c37f"
"35915000000125070","TB505_RB_1 - Zia Notification Workflow Rule - Automated Prediction (RELEASE)","505","RB","AutomationCodeFix","Zia Notification Workflow Rule","50045710988","Vishwa S","FIXED","2026-09-24","685","Handled this case to run only for PREMIUM automation. Also enabled NEXTGENUI_ENABLED EA key for this particular account","WEB_APP","false","","","https://crm.zoho.in/crm/crmlaunchpad/tab/CustomModule2/1034369001662418306","Exception_1e1647656f5b246442a019969f10e425f6a48cbfe299728501fcb7bec2b1d481"
"35915000000125072","TB505_RB_1 - Competitor Alert - Automated (PREMIUM-RELEASE)","505","RB","AutomationCodeFix","Competitor Alert","50045710988","Vishwa S","FIXED","2026-09-24","371","Fixed by handling with different values in the param","WEB_APP","false","","","https://crm.zoho.in/crm/crmlaunchpad/tab/CustomModule2/1034369001662407756","Exception_b158b46a1523e7373bf3b8123272fc080acee62af60eee563e7fc9b7469df1ea"
"35915000000125074","TB504_DB_5_MissedRows","504","DB","NotReproducibleAI","","50045711750","Harish SS","FIXED","2026-09-25","26","Will check and add acc","WEB_APP","false","","","https://crm.zoho.in/crm/crmlaunchpad/tab/CustomModule2/1034369001678903418",""
"35915000000126025","TB504_RB_3_VOC_ZeroRows : More than 35 Minutes taken","504","RB","ZeroRows","VOC","50045710988","Vishwa S","FIXED","2026-09-20","87","Case is working fine in latest release automation reports","WEB_APP","false","","","https://crm.zoho.in/crm/crmlaunchpad/tab/CustomModule2/1034369001658790415",""
"35915000000126027","TB504_RB_3_VOC_ZeroRows : More than 35 Minutes taken","504","RB","ZeroRows","VOC","50045710988","Vishwa S","FIXED","2026-09-20","60","Case running fine in release automation reports","WEB_APP","false","","","https://crm.zoho.in/crm/crmlaunchpad/tab/CustomModule2/1034369001658790395",""
"35915000000126033","TB505_RB_1 - Email Configuration Sync - Automated (PREMIUM-RELEASE)NEW CASE BREAKAGE","505","RB","AutomationCodeFix","Email Configuration Sync","50046120377","Karthikeyan B","FIXED","2026-09-23","148","Scheduler wait added and started automation to verify the fix","WEB_APP","false","","","https://crm.zoho.in/crm/crmlaunchpad/tab/CustomModule2/1034369001677522066","Email_Sync_Error_Alert_PopUp_Present_In_Email_Compose_Window"
"35915000000126035","TB503_DB_6 - WMS - Deployment","503","DB","OtherDependencyIssues","Dependency Sandbox Scheduler Failures","50046120377","Karthikeyan B","FIXED","2026-09-23","528","WMS Dependency & FRB ISSUE","WEB_APP","false","","","https://crm.zoho.in/crm/crmlaunchpad/tab/CustomModule2/1034369001658850448","SANDBOX_DEPLOYMENT_SCHEDULER_COMPLETED"
"35915000000126047","TB505_RB_1 - Ask zia Validation rule - Automated (PREMIUM-RELEASE)","505","RB","AutomationCodeFix","Ask zia Validation rule","50045711750","Harish SS","FIXED","2026-09-23","264","VR reposne hanlding","WEB_APP","false","","","https://crm.zoho.in/crm/crmlaunchpad/tab/CustomModule2/1034369001599716978","Failure_5b8e3b1257771759e2d33ce6ced0c2578362affd744a7cea370dee9e733b1497"
"35915000000126049","TB506_DB_4 - VOC","504","DB","NotReproduciblePI","VOC","50045711750","Harish SS","FIXED","2026-09-25","111","https://aalam-legacy.csez.zohocorpin.com/Qap/#/reportsnew/Sep_23_2026_TB504_DB_6__AMS_2N_AUTORESTART_impact_Followup_Premium_19_36_8_403_Premium_rst_3_38_44?searchType=passed&owner=&caseId=TestCaseId_test_verifyDifferentAggregrationValuesInGrouping_53283_0&caseName=&methodId=53283&methodDetails=&failures=&failurerows=All&belongsTo=final&changeSets=

Case passed in recent automation","WEB_APP","false","","","https://crm.zoho.in/crm/crmlaunchpad/tab/CustomModule2/1034369001662597908","Failure_25c62238cb31a054126d2d0e05bb296067ca77203c9fa9a729c1a26e60d9eae0"
"35915000000126053","TB504_HB_Latest_Default - Best Time Analytics - Automated Prediction (DEFAULT)","504","HB","MissedFromProcessFlow","Best Time Analytics","50045710988","Vishwa S","FIXED","2026-09-25","54","Now in all latest release automation reports, the case is getting passed. But Bug Passed milestones doesn't got updated","WEB_APP","false","","","https://crm.zoho.in/crm/crmlaunchpad/tab/CustomModule2/1034369000718802875","Failure_4f70ac918d613734e2586944b2a154d9a692e55d4c5a04237495c308b6ff417f"
"35915000000127007","TB503_DB_6_MissedRows","503","DB","MissedRows","","50045710988","Vishwa S","FIXED","2026-09-20","71","","WEB_APP","false","","","https://crm.zoho.in/crm/crmlaunchpad/tab/CustomModule2/1034369001658890101",""
"35915000000127009","TB504_3 - NBX","504","RB","PI_FiledBy_RT","NBX","50045710988","Vishwa S","FIXED","2026-09-21","250","","WEB_APP","false","Sathishkumar G","1034369000000856052","https://crm.zoho.in/crm/crmlaunchpad/tab/CustomModule2/1034369001658614027","Exception_2dc851618c1c9318a4b02aca3a0ea0a4f20719d90ef2ac7e3b2d3845beda9fad"
"35915000000127011","TB505_RB_1 - Icrs - Automated (PREMIUM-RELEASE)","505","RB","AutomationCodeFix","Icrs","50045711750","Harish SS","FIXED","2026-09-22","86","Alret message changes","WEB_APP","false","","","https://crm.zoho.in/crm/crmlaunchpad/tab/CustomModule2/1034369001662171908","Failure_724e848378ae356864ca1fed5da199b092718d1d0cb1dc4b92aac4df1e575b12"
"35915000000127013","TB504_RB_3 - IntelligentCharacterRecognition - Automated Prediction (PREMIUM-RELEASE)","504","RB","NotReproducibleAI","IntelligentCharacterRecognition","50045711750","Harish SS","FIXED","2026-09-22","107","https://aalam-legacy.csez.zohocorpin.com/Qap/#/reportsnew/Sep_16_2026_TB505_RB_1__AMS_2N_AUTORESTART_impact_Followup_Premium_1_0_19_925_Premium_rst_11_10_18?searchType=breakage&owner=&caseId=TestCaseId_test_createIcrRuleChangeLookupDropdownInRecordCreate_66970_0&caseName=&methodId=66970&methodDetails=&failures=&failurerows=All&belongsTo=final&changeSets=

Passed the extract button step","WEB_APP","false","","","https://crm.zoho.in/crm/crmlaunchpad/tab/CustomModule2/1034369001406040331","Failure_2101d3458c9d0d8438099a982a5d7c147c72ba33523ac1cde3b841730154a26c"
"35915000000127022","TB504_DB_4 - FieldMasking - Automated Prediction (PREMIUM-DAILY)","504","DB","NotReproducibleAI","FieldMasking","50045711750","Harish SS","FIXED","2026-09-24","18","Drilldown opened now","WEB_APP","false","","","https://crm.zoho.in/crm/crmlaunchpad/tab/CustomModule2/1034369001489170155","Failure_c5eb6641b5c696320b95e25a91781645b8b1a99d7742f39e820aa2d345e349df"
"35915000000127024","TB504_DB_3_MissedRows","504","DB","MissedRows","","50045710988","Vishwa S","FIXED","2026-09-24","29","","WEB_APP","false","","","https://crm.zoho.in/crm/crmlaunchpad/tab/CustomModule2/1034369001662468028",""
"35915000000127027","TB505_RB_1 - Field Prediction - Automated (PREMIUM-RELEASE)","505","RB","PI_Filed_via_Prediction","Field Prediction","50045710988","Vishwa S","FIXED","2026-09-24","61","Marked this as LongPendingIssues","WEB_APP","false","","","https://crm.zoho.in/crm/crmlaunchpad/tab/CustomModule2/1034369001662980651","Failure_96074af225d0451d92030182704dba9fe927b2b0dd8015576a57faca28744f4e"
"35915000000127030","TB504_DB_5 - Quick help with agent - Automated (PREMIUM-DAILY)NEW CASE BREAKAGE","504","DB","NotReproducibleAI","Quick help with agent","50045711750","Harish SS","FIXED","2026-09-25","32","https://aalam-legacy.csez.zohocorpin.com/Qap/#/reportsnew/Sep_23_2026_TB504_DB_6__AMS_2N_AUTORESTART_impact_Followup_Premium_19_36_8_403_Premium?searchType=passed&owner=&caseId=TestCaseId_test_verifyHelpCommandResponeInHelpBot_79682_3&caseName=&methodId=79682&methodDetails=&failures=&failurerows=All&belongsTo=final&changeSets=

Case passed in recent automation","WEB_APP","false","","","https://crm.zoho.in/crm/crmlaunchpad/tab/CustomModule2/1034369001679042669","Exception_5050aa229fa07f5b6710f59cbc859afc423e16bd5856674e3175b10fe25a7630"
"35915000000128029","TB504_RB_3_Email_ZeroRows : More than 45 Minutes taken","504","RB","ZeroRows","Email","50045710988","Vishwa S","FIXED","2026-09-20","224","Case getting running in all latest release automation reports","WEB_APP","false","","","https://crm.zoho.in/crm/crmlaunchpad/tab/CustomModule2/1034369001658790414",""
"35915000000128033","TB504_2 - IntelligentCharacterRecognition-image loaded for some time","504","RB","PI_FiledBy_RT","IntelligentCharacterRecognition","50045710988","Vishwa S","FIXED","2026-09-21","128","","WEB_APP","false","Sivaprabhu M","1034369000179702175","https://crm.zoho.in/crm/crmlaunchpad/tab/CustomModule2/1034369001657740832","Failure_3bd236fddfc9d6709cee04cb4b437c89abbbf3726a290777e6498caf1ce8054d"
"35915000000128036","TB505_RB_1 - Email Configuration - Automated (PREMIUM-RELEASE)NEW CASE BREAKAGE","505","RB","AutomationCodeFix","Email Configuration","50046120377","Karthikeyan B","FIXED","2026-09-23","429","Scheduler wait added","WEB_APP","false","","","https://crm.zoho.in/crm/crmlaunchpad/tab/CustomModule2/1034369001592721785","Failure_00de61a1ca040cedced75acaf57c670c56e2aecc7171e223bff3c3f3d1b7e0b6"
"35915000000128040","TB506 - VOC-Frequently Occurring Keywords by Sentiment data is not populated","504","DB","PI_Filed_via_Prediction","VOC","50045711750","Harish SS","FIXED","2026-09-24","57","Frequently Occurring Keywords by Sentiment data is not populated","WEB_APP","false","","","https://crm.zoho.in/crm/crmlaunchpad/tab/CustomModule2/1034369000787736935","Failure_7cbed2b2c3b3e8a540c8e9657a6c72b5f5ed9976e08487c537a12448c8615489"
"35915000000128042","TB504_DB - ABM - (PREMIUM-DAILY) DI-veryhigh_stable (Prediction)","504","DB","ChangedToAnotherAD","ABM","50045710988","Vishwa S","FIXED","2026-09-24","62","As this is VOC Related breakage, please check this","WEB_APP","false","Harish S S","1034369000733422475","https://crm.zoho.in/crm/crmlaunchpad/tab/CustomModule2/1034369001662468329","Voc Disable API response is not showing as expected"
"35915000000128044","TB505_RB_1_MissedRows","505","RB","MissedRows","","50045710988","Vishwa S","FIXED","2026-09-25","36","","WEB_APP","false","","","https://crm.zoho.in/crm/crmlaunchpad/tab/CustomModule2/1034369001677430977",""
"35915000000128047","TB502_DB_2 - Colors_PickList - Automated Prediction (PREMIUM-DAILY)","502","DB","AutomationCodeFix","Colors_PickList","50045710988","Vishwa S","FIXED","2026-09-25","1057","","WEB_APP","false","","","https://crm.zoho.in/crm/crmlaunchpad/tab/CustomModule2/1034369000497330018","Failure_f4c65d2a726f0fbd1c5cd4d52aded42e6afc791f7f13390344dfd84586253661"
"35915000000129002","TB504_RB_2 - Assignment Rules - Automated (PREMIUM-RELEASE)","504","RB","NotReproducibleAI","Assignment Rules","50045710988","Vishwa S","FIXED","2026-09-20","2266","Created assignment rules for that account","WEB_APP","false","","","https://crm.zoho.in/crm/crmlaunchpad/tab/CustomModule2/1034369001536258026","ZIA_SUGGEST_USER"
"35915000000129016","TB504_DB_4 - ICR Subform support - Automated Prediction (PREMIUM-DAILY)","504","DB","PI_Filed_via_Prediction","ICR Subform support","50045711750","Harish SS","FIXED","2026-09-23","42","After saving the record subform data is not preset","WEB_APP","false","","","https://crm.zoho.in/crm/crmlaunchpad/tab/CustomModule2/1034369001530708998","Exception_47e5065b9801cbe7438bd19b9bcaaf8a506205bfeb57a665d8496f49f7dff375"
"35915000000129018","TB505_1 - GDPR Compliance","505","RB","AutomationCodeFix","GDPR Compliance","50046120377","Karthikeyan B","FIXED","2026-09-24","846","Template Revamp issue fix","WEB_APP","false","","","https://crm.zoho.in/crm/crmlaunchpad/tab/CustomModule2/1034369001662862463","Failure_95e08bfc5ae139f4eeb2d45fc83cedc3accac4e00c289db146cfa26243970262"
"35915000000129020","TB504_DB_3 - CanvasHomePage - Automated (PREMIUM-DAILY)NEW CASE BREAKAGE","504","DB","Account Specific Issue","CanvasHomePage","50045711750","Harish SS","FIXED","2026-09-24","97","Downdraged","WEB_APP","false","","","https://crm.zoho.in/crm/crmlaunchpad/tab/CustomModule2/1034369001550828587","Clicking on link (Setup=>Voice of Customer) in setup page"
"35915000000129023","TB505_1 - Case Escalation","505","RB","AutomationCodeFix","Case Escalation","50045710988","Vishwa S","FIXED","2026-09-24","372","","WEB_APP","false","","","https://crm.zoho.in/crm/crmlaunchpad/tab/CustomModule2/1034369001663082427","Exception_2d76c577fb893a7f303bc98e8c2ce77169c9fe11e385a2fd75a8e690b9248908"
"35915000000129026","TB505_RB_1 - VOC - Automated (PREMIUM-RELEASE)","505","RB","NotReproduciblePI","VOC","50045711750","Harish SS","FIXED","2026-09-25","63","WMS is not present at that time for the computation success","WEB_APP","false","","","https://crm.zoho.in/crm/crmlaunchpad/tab/CustomModule2/1034369001615834007","Failure_b3de742522249e40eedf4baeb07c4a20a9d34ec861a1a508aa46ce8eb5b20735"
"35915000000129030","TB503_DB_3 - NBX - Automated (PREMIUM-DAILY)NEW CASE BREAKAGE","503","DB","Uncategorized","NBX","50045711707","Akshaya Keerthi J","INVESTIGATING","","0","","WEB_APP","false","","","https://crm.zoho.in/crm/crmlaunchpad/tab/CustomModule2/1034369001571716919/canvas/1034369000575839525","Failure_9dc4b0cdb0b9045132279c4cbca0f50213f1574be5443d9784dd7b9ce7d943fa"
"35915000000130003","TB504_DB_3 - Recommendation - Automated (PREMIUM-DAILY)NEW CASE BREAKAGE","504","DB","AutomationCodeFix","Recommendation","50045710988","Vishwa S","FIXED","2026-09-19","268","Issue fixed by handling the Reset for deleting corrupted pipeline entries at the case start itself","WEB_APP","false","","","https://crm.zoho.in/crm/crmlaunchpad/tab/CustomModule2/1034369001514255672","Exception_2dd64d9fc93858f11eec5c79ed7d48888aeafec08c185d0f2b08b93211001106"
"35915000000130008","TB504_RB_3_Competitor Alert_ZeroRows : More than 35 Minutes taken","504","RB","ZeroRows","Competitor Alert","50045710988","Vishwa S","FIXED","2026-09-20","75","Case running in latest release automation reports","WEB_APP","false","","","https://crm.zoho.in/crm/crmlaunchpad/tab/CustomModule2/1034369001658790405",""
"35915000000130010","TB504_RB_3_VOC_ZeroRows : More than 36 Minutes taken","504","RB","ZeroRows","VOC","50045710988","Vishwa S","FIXED","2026-09-20","52","Case running fine in latest release automation reports","WEB_APP","false","","","https://crm.zoho.in/crm/crmlaunchpad/tab/CustomModule2/1034369001658790397",""
"35915000000130012","TB504_RB_2_MissedRows","504","RB","MissedRows","","50045710988","Vishwa S","FIXED","2026-09-20","47","","WEB_APP","false","","","https://crm.zoho.in/crm/crmlaunchpad/tab/CustomModule2/1034369001657774961",""
"35915000000130014","TB503_DB_6_MissedRows","503","DB","MissedRows","","50045710988","Vishwa S","FIXED","2026-09-20","26","Need to add accounts in the account pool","WEB_APP","false","","","https://crm.zoho.in/crm/crmlaunchpad/tab/CustomModule2/1034369001659005047",""
"35915000000130016","TB504_RB - Case Escalation - Automated (PREMIUM-RELEASE)","504","RB","AutomationCodeFix","Case Escalation","50045710988","Vishwa S","FIXED","2026-09-21","669","Handled with new locator","WEB_APP","false","","","https://crm.zoho.in/crm/crmlaunchpad/tab/CustomModule2/1034369001658043077","Exception_7c023ec13a931431b554fd693c44fc7e178ea96fb49cc0222f9e20da38239992"
"35915000000130018","TB505 - Ask zia Validation rule-Unable to create VR with multiple criterias","502","RB","NotReproduciblePI","Ask zia Validation rule","50045711750","Harish SS","FIXED","2026-09-22","158","Not Reproducible","WEB_APP","false","","","https://crm.zoho.in/crm/crmlaunchpad/tab/CustomModule2/1034369001616848375","Validation rules require a single field in the primary condition. Your request uses 'Billing City' as the primary condition but also references 'Billing Country' and 'Billing Street' in the criteria. Please clarify: Should the rule trigger if 'Billing Cit"
"35915000000130033","TB504_DB_3 - VOC - Automated Prediction (PREMIUM-DAILY)","504","DB","NotReproduciblePI","VOC","50045711750","Harish SS","FIXED","2026-09-24","57","In recent automation the WMS popup is present","WEB_APP","false","","","https://crm.zoho.in/crm/crmlaunchpad/tab/CustomModule2/1034369001599711870","Failure_640a07b37b212809fb96e9c61f076eea1173eeac699f48dd08c6c636c451f0c1"
"35915000000130035","TB504_DB_3 - IntelligentCharacterRecognition - Automated Prediction (PREMIUM-DAILY)","504","DB","AutomationCodeFix","IntelligentCharacterRecognition","50045711750","Harish SS","FIXED","2026-09-24","352","Wait added for proceed ele appear","WEB_APP","false","","","https://crm.zoho.in/crm/crmlaunchpad/tab/CustomModule2/1034369001428482291","Failure_59b4f7ec1f259c3da94f40618e9b9baa1e9dc43a74cefc13257da551109adb30"
"35915000000130038","TB504_DB_3 - Ingesting third-party data as data souce via Data Prep for VoC - Automated (PREMIUM-DAILY)NEW CASE BREAKAGE","504","DB","Account Specific Issue","Ingesting third-party data as data souce via Data Prep for VoC","50045711750","Harish SS","FIXED","2026-09-24","220","Zendesk connection issue","WEB_APP","false","","","https://crm.zoho.in/crm/crmlaunchpad/tab/CustomModule2/1034369001662441520","Exception_ca4d841a177365112148e99a69717b1e707ca9d0af39fff3cc6f365810d92290"
"35915000000130041","TB504_DB_4_VOC_ZeroRows : More than 40 Minutes taken","504","DB","ZeroRows","VOC","50045710988","Vishwa S","FIXED","2026-09-24","79","In latest automation report this case is running fine","WEB_APP","false","","","https://crm.zoho.in/crm/crmlaunchpad/tab/CustomModule2/1034369001662620565",""
"35915000000130045","TB504_DB_6 - ZKS UI Enhancements - Automated (PREMIUM-DAILY)NEW CASE BREAKAGE","504","DB","AutomationCodeFix","ZKS UI Enhancements","50045710988","Vishwa S","FIXED","2026-09-25","455","Handled for zia vision setup click after disabling the permission for zia vision","WEB_APP","false","","","https://crm.zoho.in/crm/crmlaunchpad/tab/CustomModule2/1034369001679042678","Clicking on link (Setup=>Vision) in setup page"
